Id,Electricity consumption in kWH,Water Consumpt in Thousand Liter,Cooking gas consumption in KG
1,796.79,18.61,20.95
2,660.33,17.51,20.27
3,804.46,16.65,17.05
4,822.34,19.05,21.66
5,653.81,14.79,18.06
6,659.63,14.64,15.79
7,804.14,18.35,20.57
8,523.14,15.72,15.54
9,650.74,15.91,15.63
10,641.31,14.31,12.97
11,800.09,18.66,19.75
12,639.72,15.99,17.78
13,806.02,18.68,19.03
14,511.75,12.82,13.73
15,653.89,15.19,16.24
16,495.67,13.03,12.82
17,789.08,15.79,13.28
18,784.72,16.42,18.85
19,788.81,17.28,18.39
20,654.65,16.88,18.2
21,784.58,13.16,16.05
22,491.34,12.35,11.92
23,502.61,10.81,10.22
24,811.77,18.8,19.84
25,817.17,20,22.08
26,657.41,15.6,19.11
27,800.95,17.25,18.46
28,633.55,12.68,12.23
29,486,10.02,9.36
30,795.22,16.72,16.94
31,811.67,18.66,20.94
32,502.63,13.32,14.07
33,805.13,17.41,18.23
34,490.91,10.68,9.41
35,624.81,12.84,14.66
36,648.49,16.32,15.38
37,512.29,12.67,13.55
38,503.62,11.27,10.33
39,789.2,18.69,22.55
40,500.55,12.71,12.73
41,642.62,13.98,14.48
42,658.34,14.11,13.03
43,795.76,17.72,20.3
44,805.67,18.48,20.22
45,812.26,19.56,21.58
46,665.52,14.16,15.54
47,635.04,12.48,13.69
48,783.08,15.77,18.33
49,511.3,14.72,14.42
50,800.66,18.56,22.02
51,807.67,18.35,20.28
52,638.55,14.54,13.87
53,788.2,18.42,18.1
54,814.12,18.49,18.71
55,815.56,18.07,18.88
56,783.05,18.2,21.26
57,498.33,10.82,9.6
58,791.96,17.58,17.24
59,799.31,17.95,18.79
60,814.45,18.88,18.64
61,654.97,16.53,17.14
62,806.07,17.59,19.41
63,487.43,8.89,8.5
64,488.45,11.51,12.06
65,808.26,19.74,22.62
66,805.53,17.85,17.99
67,801.19,19.21,20.13
68,634.77,14.75,14.72
69,786.55,15.65,14.1
70,812.92,19.08,21.66
71,660.86,15.61,16.17
72,501.22,11.17,12.07
73,631.39,12.68,12.31
74,781.31,16.98,16.49
75,674.82,16.4,15.04
76,807.92,17.92,16.5
77,655.7,17.07,17.64
78,643.3,14.4,15.98
79,790.05,17.26,20.01
80,649.66,14.58,16.09
81,637.01,15.5,15.67
82,507.43,12.31,11.63
83,494.36,13.14,11.75
84,647.42,13.76,17.04
85,648.19,15.62,15.37
86,639.51,14.01,15.78
87,804.89,19.02,22.22
88,811.85,18.73,20.31
89,486.14,10.02,10.21
90,780.16,15.27,16.98
91,798.47,19.62,21.64
92,825.48,20.99,21.37
93,824.76,19.31,21.24
94,809.94,17.45,18.29
95,640.2,13.53,13
96,502.45,11.47,10.79
97,498.09,9.72,11.42
98,661.96,14.63,14.98
99,511.87,12.5,12.41
100,789.45,19.93,20.12
101,670.56,15.62,17.19
102,506.24,12.3,12.06
103,646.66,14.88,14.7
104,474.44,10.35,10
105,493.81,11.72,11
106,496.52,10.2,8.36
107,781.75,15.49,14.33
108,806.94,17.92,17.74
109,814.99,17.03,17.74
110,777.21,15.15,14.98
111,649.33,15.17,17.04
112,654.29,16.94,16.25
113,811.47,19.72,20.73
114,502.49,13.69,15.46
115,511.7,12.91,11.97
116,652.31,14.39,15
117,499.32,10.67,9.67
118,486.72,10.81,12.37
119,510.62,10.97,12.05
120,825.01,20.38,21.13
121,499.2,11.56,10.96
122,503.4,13.32,13
123,497.68,12.28,13.71
124,802.8,17.16,18.36
125,805.24,17.03,15.65
126,636.87,13.67,12.59
127,632.09,15.35,15.44
128,673.72,14.73,15.13
129,786.84,16.57,18.07
130,653.02,15.29,18.13
131,637.66,14.73,14.94
132,650.97,15.12,14.11
133,661.97,16.08,16.97
134,500.95,10.67,10.89
135,663.96,14.58,15.53
136,787.53,14.78,17.23
137,803.7,18.27,19.8
138,787.73,16.5,18.15
139,666.94,15,14.69
140,795.27,19,19.36
141,507.9,13.01,12.51
142,797.68,17.31,18.85
143,506.69,12.79,12.43
144,784.55,16.41,20.03
145,633.37,13.3,13.74
146,639.43,14.62,15.59
147,510.45,12.36,12.33
148,639.47,14.75,17.25
149,502.39,14.05,13.64
150,643.94,15.26,16.16
151,506.12,12.53,13.35
152,656.42,15.62,16.65
153,786.49,16.9,20.34
154,491.24,11.42,12.29
155,640.64,13.78,17.01
156,496.85,13.14,13.73
157,784.61,17.37,16.69
158,810.61,20.09,22.69
159,668.39,16.69,18.96
160,817.76,20.07,20.76
161,783.62,16.77,16.89
162,630.11,13.51,11.05
163,654.57,14.22,15.32
164,796.59,18.29,17.66
165,641.19,13.65,12.18
166,649.69,15.43,16.9
167,803.12,18.31,20.1
168,793.49,15.91,17.89
169,792.86,16.09,20.26
170,500.48,13.66,13.59
171,817.63,18.81,21.44
172,774.1,18.02,19.82
173,819.69,19.66,18.71
174,774.35,17.42,18.76
175,641.93,13.98,15.43
176,803.26,18.98,19.95
177,801.17,18.66,20.31
178,638.68,12.93,13.96
179,783.52,17.41,17.68
180,805.91,18.02,20.97
181,495.97,11.91,12.34
182,659.72,16.1,18.15
183,811.3,18.2,21.64
184,656.83,15.53,16.15
185,488.33,11.37,11.71
186,824.08,19.01,20.84
187,655.78,13.98,13.65
188,777.75,14.6,12.2
189,813.75,16.7,17.66
190,643.94,14.79,15.47
191,513.75,13.35,11.29
192,783.35,14.1,14.77
193,646.09,13.71,12.13
194,801.8,17.76,19.67
195,654.52,15.89,17.53
196,497.63,12.21,12.57
197,642.88,11.77,12.34
198,498.21,11.91,12.52
199,814.37,21.47,23.61
200,798.91,16.79,19.49
201,492.17,11.4,10.98
202,644.69,16.28,18.6
203,651.95,16.65,16.57
204,653.3,16.12,16.64
205,662.92,15.47,16.76
206,662.21,16.86,19.63
207,790.03,17.44,20.2
208,630.47,13.21,15.56
209,498.06,13.09,13.37
210,649.31,14.3,13.01
211,513.37,14.22,14.3
212,502.81,11.29,9.62
213,651.69,12.09,14.5
214,484.79,11.54,10.37
215,648.59,14.64,15.94
216,497.1,13.24,11.95
217,801.28,18.78,21.07
218,495.48,10.82,11.5
219,508.01,13.04,12.79
220,651.16,15.74,16.93
221,638.65,13.59,16.78
222,504.39,12.01,12.47
223,479.19,9.91,11.68
224,665.87,17.33,18.64
225,497.76,12.6,12.41
226,800.05,18.27,20.82
227,495.09,10.24,12.19
228,655.21,14.55,14.95
229,783.01,18.2,16.77
230,800.9,18.46,21.05
231,648.12,13.74,14.4
232,497.41,12.22,12.53
233,480.19,8.75,9.01
234,655.98,16.46,16.46
235,634.37,14.64,15.24
236,503.53,12.47,10.72
237,487.86,10.13,10.42
238,790.83,15.41,15.95
239,794.68,16.11,16.98
240,501.29,12.88,12.41
241,640.44,15.07,16.11
242,795.87,17.59,20.17
243,496.83,10.92,10.29
244,652.46,15.3,17.45
245,806.04,18.82,19.8
246,664.07,16.37,18.43
247,790.92,16.71,16.1
248,815.48,19.31,20.25
249,514.03,13.38,13.04
250,511.56,11.19,10.04
251,795.93,17.69,16.46
252,799.84,20.66,20.07
253,815.23,18.36,17.99
254,797.8,16.5,17.02
255,500.47,12.63,14.15
256,516.76,13.33,13.67
257,800.92,18.73,19.93
258,811.65,18.42,16.8
259,809.66,19.01,20.04
260,812.15,19.15,20.65
261,659.93,15.14,14.21
262,815.78,18.05,17.81
263,643.74,12.59,12.6
264,666.9,14.69,14.44
265,505.88,12.61,13.09
266,501.89,11.66,10.88
267,658.34,17.42,18.17
268,639.99,13.3,14.49
269,486.28,10.62,10.5
270,796.67,19.48,19.33
271,635.51,13.6,15.74
272,781.83,16.56,14.26
273,802.82,18.98,22.22
274,517.03,15.3,15.56
275,808.18,17.27,20.66
276,817.29,20.24,22.9
277,641.63,14.42,15.04
278,505.19,11.28,12.27
279,769.56,17.4,16.87
280,805.12,16.18,16.86
281,796.21,16.94,19.48
282,811.98,20.4,22.42
283,635.49,12.06,12.48
284,507.56,13.82,12.74
285,641.6,14.86,15.16
286,639.08,14.72,17.14
287,498.43,12.9,13.2
288,786.63,15.77,18.1
289,497.55,12.01,11.01
290,486.24,8.03,7.61
291,651.83,17.03,17.69
292,644.77,15.5,17.19
293,814.29,18.11,18.27
294,641.52,13.69,14.65
295,792.92,18.42,20.41
296,653.54,16.65,17.66
297,806.39,16.58,18.48
298,643.22,14.24,13.68
299,612.84,13.35,13.75
300,666.77,15.76,15.6
301,660.6,15.24,18.21
302,811.43,18.87,22.1
303,807.86,21.74,20.53
304,515.76,14.36,13.74
305,655.51,15.1,14.5
306,501.53,13.64,12.29
307,823.88,18.35,19.6
308,489.74,10.63,10.92
309,785.34,18.09,21.68
310,512.78,14.04,13.47
311,660.66,13.65,15.82
312,650.45,15.01,13.64
313,788.82,16.08,14.06
314,498.44,13.19,13.15
315,816.41,19.33,19.88
316,642.22,12.87,13.69
317,651.08,14.89,17.59
318,667.07,16.75,18.7
319,496.7,12.29,13.33
320,798.14,18.55,18.46
321,503.66,10.91,12.05
322,502.01,13.35,12.1
323,497.45,12.02,13.81
324,498.03,12.43,12.28
325,792.53,17.08,15.85
326,641.55,14.54,14.92
327,650.49,13.54,14.16
328,651.65,15.72,15.9
329,806.62,19.96,18.77
330,510.2,12.39,11.15
331,649.99,16.7,17.23
332,497.19,10.94,11.28
333,648.06,13.86,12.82
334,630.69,14.46,12.76
335,795.37,16.9,16.39
336,652.22,14.78,17.66
337,788.37,17.2,19.42
338,629.17,13.91,17.27
339,797.89,18.86,20.92
340,649.86,15.96,19.06
341,817.04,19.36,21.37
342,489.52,11.9,11.6
343,799.17,17.37,18.91
344,509.38,11.42,11.87
345,661.21,15.5,19.62
346,633.17,13.02,16.33
347,816.58,20.78,20.36
348,807.22,18.07,17.31
349,508.02,12.87,12.26
350,816.24,18.75,22.77
351,653.3,16.2,13.57
352,654.31,18.02,18.28
353,782.95,16.86,17.18
354,495.33,10.48,11.76
355,627.68,14.66,15.92
356,793.66,17.08,17.36
357,803.42,17.33,19.42
358,809.19,18.3,20.68
359,659.03,16.84,17.2
360,652.79,14.41,15.02
361,662.43,13.54,14.52
362,790.72,18.46,16.75
363,794.94,17.07,17.07
364,791.49,16.22,19.3
365,807.34,18.72,23.7
366,797.45,19.74,21.13
367,806.58,18.44,18.73
368,786.04,17.02,18.62
369,808.97,16.98,18.12
370,490.06,11.19,12.05
371,777.15,18.34,19.49
372,808.23,18.09,18.3
373,650.38,14.86,16.66
374,660.35,15.55,17.58
375,648.74,15.45,18.71
376,795.4,18.86,20.5
377,498.26,12.03,9.75
378,773.14,14.16,15.7
379,489.85,10.13,8.43
380,664.84,14.83,15.79
381,493.58,13.06,15.1
382,660.95,16.8,19.25
383,512.1,14.63,13.91
384,514,11.68,12.01
385,771.08,17.19,17.69
386,497.14,12.99,12.85
387,654.91,15.66,16.69
388,507.06,12.72,11.26
389,501.66,13.91,12.35
390,499.71,12.66,12.05
391,795.9,17.47,19.25
392,801.12,16.23,18.65
393,491.07,10.44,9.49
394,660.48,16.59,17.17
395,503.04,11.9,11.73
396,799.55,17.41,17.68
397,496.98,13.27,14.03
398,662.14,15.96,17.43
399,642.2,17.13,15.34
400,500.31,12.37,13.75
401,492.82,12.61,13.88
402,808.02,17.19,17.41
403,791.91,19.59,24.43
404,510.76,12.75,12.03
405,777.55,17.42,17.43
406,512.84,12.93,13.75
407,816.76,20.59,21.14
408,499.99,11.57,11.78
409,662.27,13.95,16.53
410,516.13,13.63,13.41
411,506.02,12.19,12.32
412,659.72,15.29,16.55
413,505.95,12.82,11.91
414,643.73,16.27,20.95
415,663.33,14.82,16.56
416,783.11,17.04,14.47
417,519.66,12.97,13.11
418,644.99,13.88,13.74
419,823.51,20.14,20.87
420,786.53,15.87,17.32
421,515.04,13.23,12.98
422,831.55,20.15,23.4
423,650.91,14.96,13.75
424,794.2,18.71,20.41
425,504.38,12.31,12.11
426,655.93,14.85,16.89
427,496.25,10.99,9
428,787.24,18.51,22.38
429,811.47,20.17,21.25
430,491.92,11.69,11.75
431,640.22,14.18,14.93
432,796.31,14.92,14.95
433,793.91,18.49,19.02
434,664.97,16.03,17.64
435,514.8,12.12,11.9
436,499.78,13.2,11.74
437,496.12,11.73,12.16
438,794.38,16.97,17.81
439,660.33,13.43,17.38
440,792.87,16.83,17.48
441,656.41,14.28,17.36
442,806.28,17.52,19.4
443,474.52,11.21,12.37
444,800.51,19.14,18.56
445,490.2,11.4,11.25
446,791.9,16.76,16.98
447,799.4,16.85,17.78
448,799.75,18.41,18.38
449,652.95,14.13,17.47
450,782.81,16.78,16.4
451,664.76,15.48,16.28
452,642.38,14.57,14.58
453,800.33,17.51,18.35
454,660.01,15.46,15.95
455,786.41,16.93,15.91
456,799.23,18.53,20.95
457,510.35,11.88,11.18
458,799.85,17.7,23.47
459,513.85,14.04,14.18
460,791.87,16.77,16.73
461,784.14,17.39,16.28
462,788.52,18.18,15.77
463,643.8,14.57,14.27
464,805.18,17.88,19.34
465,508.36,12.21,12.64
466,649.37,14.35,14.4
467,634.45,14.46,12.55
468,500.28,11.27,10.18
469,810.51,18.63,19.45
470,511.48,13.08,13.68
471,666.04,16.46,19.22
472,501.87,12.41,12.75
473,812.55,16.23,18.9
474,821.81,16.61,20.89
475,491.16,12.12,13.28
476,795.61,17.52,20.94
477,501.94,11.85,11.37
478,791.13,18.98,20.57
479,654.5,14.93,17.15
480,492.01,9.31,7.32
481,630.51,14.91,15.11
482,789.05,15.99,18.02
483,665.52,17.2,18.24
484,504.43,11.87,11.9
485,478.68,10.87,11.07
486,798.1,17.51,15.49
487,798.59,20.58,21.59
488,654.5,15.65,16.58
489,650.15,13.03,11.63
490,784.63,17.7,17.54
491,642.54,15.69,16.58
492,813.35,17.79,15.54
493,795.92,17.73,14.31
494,806.07,18.97,21.64
495,487.95,9.16,10.61
496,782.72,16.82,18.41
497,504.82,12.88,14.11
498,805.93,18.09,19.44
499,653.42,14.16,19.34
500,649.15,14.82,15.06
501,785.05,16.99,16.31
502,794.82,18.17,21.6
503,493.97,12.42,11.75
504,786.05,16.62,16.69
505,812.58,18.43,19.77
506,498.18,11.42,10.78
507,487.17,11.59,12.2
508,497.68,11.31,12.33
509,648.5,17,21.22
510,487.19,7.74,9.13
511,803.1,17.85,18.6
512,653.83,13.78,13.13
513,506.9,12.01,13.38
514,801.64,17.54,17.28
515,667.04,16.02,18.38
516,806.97,19.07,19.89
517,799.3,19.11,20.44
518,630.82,13.89,15.04
519,502.75,13.54,14.06
520,799.25,18.23,17.87
521,768.34,15.5,19.01
522,664.9,15.56,16.86
523,805.3,18.49,21.5
524,490.76,9.78,9.99
525,491.55,10.39,9.42
526,668.83,18.11,21.28
527,803.94,17.28,18.35
528,796.22,17.03,17.25
529,656.87,15.87,16.15
530,659.98,15.79,15.13
531,644.22,14.27,14.47
532,803.04,19.86,21.81
533,642.75,16.11,18.3
534,804.16,18.56,22.17
535,631.86,11.93,12.17
536,816.44,17.27,16.92
537,811.94,20.57,21.15
538,504.08,12.06,13.55
539,654.34,16.56,18.13
540,640.88,14.65,15.93
541,665.7,18.89,20.14
542,493.01,12.92,11.89
543,506.28,13.7,12.99
544,792.95,19.29,21.85
545,498.14,11.44,12.9
546,494.97,9.46,10.43
547,636.84,14.4,15.96
548,652.68,13.66,14.73
549,511.21,12.12,10.15
550,824.21,20.03,19.88
551,516.82,13.58,13.67
552,800.5,17.17,23.12
553,504.86,11.84,11.93
554,658.19,16.73,20.4
555,642.86,13.55,13.49
556,793.27,15.78,15.48
557,650.52,15.61,16.94
558,497.78,10.66,10.27
559,793.1,16.78,19.38
560,643.56,13.39,13.7
561,491.39,12.23,12.53
562,638.05,14.15,15.56
563,819.49,20.23,19.81
564,507.02,12.12,13.17
565,512.81,13.51,14.1
566,799.47,17.24,17.05
567,668.52,16.4,17.95
568,813.27,19.04,20.02
569,795.63,19.55,20.36
570,512.91,13.79,14.12
571,793.59,18.97,21.71
572,815.94,18.38,17.91
573,785.89,16.11,16.84
574,813,18.31,14.81
575,478.73,8.97,9.43
576,806.61,19.75,20.62
577,797,18.44,19.09
578,511.83,13.99,14.58
579,487.26,11.01,10.7
580,648.11,14.02,14.27
581,799.25,17.61,19.1
582,505.78,13.16,13.22
583,797.47,17.69,20.83
584,670.17,18.2,19.86
585,830.93,20.09,18.79
586,639.83,14.58,14.45
587,657.74,14.76,17.42
588,654.13,17.03,18.03
589,499.13,11.65,11.58
590,649.03,12.27,12.88
591,679.23,16.73,19.21
592,658.68,16.18,16.58
593,798.02,19.01,17.46
594,492.35,9.47,8.16
595,639.59,14.01,15.81
596,811.01,18.06,18.4
597,798.71,16.39,18.3
598,800.56,18.41,19.77
599,659.6,15.73,15.12
600,503.94,11.49,11.48
601,802.85,16.62,21.79
602,501.96,12.92,12.19
603,491.82,12.6,12.44
604,643.51,15.68,18.3
605,639.37,14.4,14.49
606,792.06,18.31,17.51
607,630.41,12.46,15.54
608,659.61,16.56,16.01
609,506.25,12.84,14.17
610,797.4,17.98,22.08
611,498.01,10.37,10.37
612,653.95,16.53,16.33
613,634.48,14.66,14.96
614,791.35,16.7,14.38
615,661.62,16.23,16.53
616,497.68,13.28,12.88
617,794.78,17.88,15.73
618,651.79,14.75,17.13
619,644.72,14.56,17.76
620,631.95,14.2,14.85
621,791.04,16.91,19.44
622,495.68,11.41,13.46
623,643.98,15.05,16.12
624,663.18,16.62,20.03
625,808.35,19.37,20.55
626,510.06,13.84,12.43
627,649.74,15.95,14.63
628,505.71,11.61,9.92
629,653.57,16.47,16.3
630,774.72,16.25,18.95
631,793.05,18.71,16.91
632,649.74,14.86,15.84
633,495.9,10.9,11.93
634,643.19,12.2,13.76
635,798.98,18.27,18.69
636,486.57,10.66,10.07
637,812.92,17.98,17.36
638,661.39,14.77,14.59
639,803.79,17.95,16.24
640,792.67,15.85,16.76
641,818.17,19.76,22.13
642,641.48,15.98,17.85
643,490.73,10.85,9.96
644,647.37,16.1,17.67
645,665.09,16.12,16.2
646,640.38,13.56,15.67
647,634.34,14.19,14.94
648,650.05,14.73,16.34
649,768.91,15.45,16.29
650,495.79,12.39,11.06
651,491.46,10.9,11.46
652,807.99,18.6,19.38
653,657.12,15.75,14.88
654,619.71,13.51,16.74
655,502.3,12.9,14.03
656,660.06,15.97,16.04
657,490,10.51,11.57
658,799.12,19.95,19.5
659,652.95,12.91,15.39
660,805.35,17.06,16.12
661,783.74,17.93,19.26
662,634.08,14.59,15.91
663,817.69,17.93,18.36
664,787.09,17.8,18.35
665,652.41,17.1,16.63
666,500.2,12.31,11.53
667,510.79,13.93,13.66
668,496.87,12.45,13.31
669,504.89,12.32,11.11
670,646.77,14.78,14.11
671,796.86,18.74,18.3
672,508.73,13.01,13.7
673,800.13,17.92,19.14
674,792.65,17.86,12.6
675,501.67,14.9,14.98
676,509.88,11.58,11.84
677,658.07,14.14,18.7
678,662.35,16.87,15.41
679,491.58,11.37,11.99
680,805.93,19.9,23.25
681,818.41,21.8,22.16
682,803.91,17.98,17.52
683,645.46,14.46,14.58
684,660.51,15.65,17.8
685,822.5,18.43,20.16
686,660.47,15.72,16.61
687,500.82,11.87,11.35
688,784.49,16.24,20.2
689,796.97,16.84,19
690,807.25,17.6,17.52
691,648.35,15.46,18.81
692,490.18,11.47,13.73
693,518.4,13.43,12.53
694,495.72,11.47,11.89
695,813.84,16.84,19.5
696,651.97,14.99,14.7
697,515.46,13.64,15.33
698,651.15,16.06,17.26
699,798.27,18.26,19.69
700,795.08,16.52,19.97
701,644.81,12.64,12.56
702,801.99,19.91,20.55
703,794.09,17.87,19.44
704,813.45,16.37,19.29
705,524.31,15.1,14.96
706,818.34,17.46,19.9
707,632.02,13.32,15.26
708,665.92,16.57,15.82
709,811.93,18.65,17.37
710,800.42,17.59,22.54
711,505.78,13.09,15.41
712,791.01,16.09,17.32
713,493.07,11.45,10.15
714,819.89,18.54,18.08
715,645.08,14.57,13.79
716,632.3,13.18,17.01
717,825.1,20.56,23.32
718,806.28,17.6,20.24
719,810.39,18.09,20.69
720,780.86,18.43,18.51
721,644.16,18.35,19.21
722,503.35,12.91,13.32
723,492.94,12.34,14.81
724,801.43,18.66,20.33
725,492.68,10.76,11.96
726,518.77,13.38,13.24
727,792.15,16.45,15.41
728,654.85,16.58,19.16
729,665.3,17.32,18.2
730,789.48,14.62,17.74
731,806.9,18.34,21
732,499.38,12.18,12.67
733,793.01,18.25,18.59
734,503.47,11.14,12.12
735,513.39,14.35,13.39
736,806.23,17.85,18.37
737,647.06,13.78,14.42
738,794.45,18.47,17.79
739,503.12,11.37,11.43
740,636.01,12.69,15.37
741,502.46,12.38,12.41
742,799.96,16.54,20.23
743,806.99,19.25,22.15
744,786.51,16.68,17.37
745,802.77,19.73,22.46
746,657.38,14.9,17.68
747,648.66,13.92,15.62
748,658.11,17.28,19.09
749,805.96,18.82,17.66
750,788.64,19.03,19.39
751,803.68,19.52,16.46
752,659.12,14.54,15.23
753,790.6,15.94,16.72
754,488.45,9.03,6.8
755,781.77,19.5,21.55
756,493.87,11.59,12.09
757,498.68,9.06,8.89
758,813.81,18.86,17.66
759,500,12.15,12.01
760,816.47,18.26,19.29
761,493.58,9.91,9.45
762,792.14,17.85,22.67
763,512.97,13.63,14.06
764,506.08,13.79,14.2
765,795,15.31,18.51
766,669.63,15.36,19.64
767,804.71,19.46,18.78
768,634.9,14.08,15.06
769,784.54,16.73,18.54
770,642.31,14.35,15.99
771,649.75,17.56,17.61
772,491.92,11.67,10.84
773,802.38,16.9,17.84
774,489.92,11.14,9.99
775,495.99,12.91,12.51
776,665.19,16.81,17.58
777,654.77,14.32,14.66
778,511.32,14.21,13.56
779,640.5,12.76,12.82
780,513.16,14.04,13.4
781,644.53,15.32,15.32
782,801.08,18.78,19.74
783,501.14,9.69,9.11
784,652.37,15.03,17.02
785,791.4,19,22.31
786,661.25,14.57,12.82
787,498.81,11.34,11.11
788,648.2,14.07,13.11
789,797.14,17.8,18.6
790,642.46,14.48,12.42
791,646.77,14.22,16.48
792,830.82,20.03,20.2
793,656.84,15.86,14.31
794,488.2,11.58,9.32
795,782.85,17.56,17.01
796,647.6,14.52,15.54
797,511.12,13.38,14.04
798,777.57,16.02,17.28
799,627.96,13.84,15.32
800,638.71,14.53,15.48
801,673.63,16.34,17.09
802,656.13,15.36,16.13
803,806.71,18.4,20.57
804,488.74,12.05,10.08
805,646.24,15.07,18.37
806,798,15.77,17.16
807,822.14,17.44,21.06
808,803.41,16.83,16.85
809,659.02,17.62,19.32
810,681.86,19.19,19.58
811,649.23,14.98,15.35
812,640.62,15,16.92
813,662.58,14.59,17.8
814,813.83,18.94,20.13
815,665.18,16.65,18.41
816,643.47,17.81,19.36
817,800.3,18.38,18.27
818,827.53,20.03,21.66
819,768.47,15.2,15.44
820,497.29,10.91,10.15
821,824.13,19.6,18.67
822,793.26,19.3,21.79
823,484.58,10.81,9.79
824,495.18,11.92,11.77
825,649.93,14.09,16.34
826,787.18,16.17,14.48
827,805.11,18.88,19.45
828,493.2,11.45,11.28
829,663.88,15.05,17.24
830,500.96,12.84,12.36
831,806.83,18.18,15.04
832,803.88,16.15,20.76
833,508.55,13.06,14.54
834,808.51,20.98,24.76
835,494.85,11.87,13.02
836,772.58,14.85,13.42
837,664.44,15.59,16.79
838,802.72,18.55,19.44
839,795.01,17.04,18.1
840,616.18,12.57,13.93
841,486.67,10.31,10.22
842,792.94,16.49,19.25
843,807.97,17.61,18.84
844,813.58,19.49,19.8
845,510.44,13.91,14.11
846,648.68,17.05,17.73
847,789.63,16.51,18.77
848,511.34,12.48,13.83
849,798.3,17.07,19.36
850,656.17,15.56,16.14
851,641.92,14.21,9.49
852,776.32,17.13,20.39
853,492.74,9.82,9.54
854,516.13,13.37,13.09
855,784.33,16.02,14.18
856,791.79,17.79,17.9
857,497.67,13.22,12.89
858,646.26,13.79,12.4
859,651.71,15.78,16.91
860,795.99,15.47,14.56
861,779.72,17.14,17.67
862,657.96,13.67,16.06
863,501.94,13.32,12.03
864,499.8,13.24,12.48
865,792.73,17.28,18.49
866,505.77,11.57,10.47
867,802.62,16.11,20.16
868,809.46,19.55,19.92
869,779.8,15.81,15.31
870,645.56,14.59,15.83
871,822.29,21.93,22.47
872,795.35,18.45,18.27
873,664.44,15.72,17.38
874,811.58,18.3,18.93
875,475.99,8.88,8.47
876,642.78,15.51,17.25
877,477.76,10.34,9.54
878,798.67,17.75,19.9
879,640.38,14.82,12.28
880,492.67,9.96,7.62
881,651.63,13.31,13.03
882,649.09,14.42,15.75
883,807.81,19.57,23.14
884,483.84,7.93,7.76
885,657.25,17.04,17.24
886,651.3,15.73,16.97
887,635,12.52,16.52
888,802.61,18.98,20.79
889,649.04,14.74,17.88
890,661.03,16.91,17.21
891,500.87,13.22,12.38
892,782.87,15.38,18.51
893,485.9,11.33,10.68
894,815.78,21.15,23.37
895,805.61,19.19,22.48
896,631.29,13.14,12.73
897,499.96,11.04,8.85
898,820.17,17.86,21.3
899,820.78,18.94,20.04
900,659.74,15.53,17.97
901,808.33,18.51,17.9
902,504.78,11.24,11.16
903,655.28,15.57,16.87
904,778.9,14.97,16.37
905,514.08,12.21,12.58
906,774.15,16.79,19.77
907,493.19,12.03,12.53
908,637.22,14.08,15.02
909,813.13,17.08,16.59
910,627.87,12.76,13.82
911,801.12,19.43,21.12
912,805.68,18.88,19.64
913,486.35,10.05,9.78
914,785.54,16.86,19.39
915,485.05,11.06,11
916,809.25,19.46,22.8
917,787.69,15.7,15.12
918,660.29,16.1,19.53
919,502.29,11.76,11.46
920,790.99,19.44,17.75
921,779.12,16.77,18.15
922,805.85,16.99,18.59
923,637.47,14.06,15.24
924,490.46,11.84,12.03
925,798.04,19.29,19.23
926,809.18,18.64,19.18
927,506.97,14.27,15.84
928,800.19,18.87,19.37
929,812.6,19.11,22.67
930,638.21,11.7,14.5
931,798.44,19.77,21.04
932,827.32,19.2,21.46
933,804.03,19.22,21.79
934,646.02,15.6,16.17
935,647.28,14.83,16.45
936,508.79,13.47,13.83
937,785.13,16.41,14.23
938,797.99,16.96,17.24
939,660.67,15.96,18.59
940,656.25,14.81,13.78
941,814.07,18.67,17.25
942,655.15,16.55,18.03
943,800.57,18.72,17.24
944,778.24,16.44,14.59
945,506.34,11.23,12.03
946,664.43,16.53,19.98
947,789.69,16.7,18.02
948,658.41,16.3,15.36
949,649.25,15.52,14.96
950,800.75,17.66,17.29
951,809.04,20.03,21.28
952,828.4,22.23,25.19
953,498.56,11.78,12.35
954,661.71,17.55,18.13
955,645.63,14.63,13.48
956,669.34,17.39,17.17
957,643.46,15.15,16.84
958,809.76,19.18,18.46
959,808.4,17.94,18.3
960,508.58,12.59,13.66
961,641.45,13.6,12.17
962,814.28,19.11,18.5
963,500.68,11.21,12.15
964,650.08,15.78,17.25
965,516.88,13.69,14.17
966,799.07,18.12,18.56
967,790.09,17.86,17.44
968,513.2,14.11,12.91
969,651.31,14.29,14.96
970,682.5,17.02,21.03
971,491.83,10.94,11.02
972,492.86,10.65,10.74
973,800.73,19.68,20.39
974,659.88,13.69,15.09
975,807.86,17.58,17.62
976,672.38,16.87,16.72
977,482.75,8.52,8.25
978,654.91,15.31,14.16
979,638.74,15.37,15.97
980,484.1,10.53,11.4
981,509.57,13.48,14.44
982,795.88,19.75,20.09
983,808.16,17.92,20.1
984,654.99,14.93,18.76
985,651.52,16.63,17.01
986,791.18,17.32,15.88
987,517.84,14.78,14.35
988,634.29,13.45,16.49
989,645.83,15.46,16.02
990,645.87,15.21,14.87
991,787.41,19.48,22.66
992,649.86,15.27,19.23
993,659.31,15.39,16.25
994,499,11.25,11.68
995,785.37,15.4,14.89
996,819.24,17.87,19.86
997,659.95,15.41,16.62
998,794.7,18.29,21.54
999,508.06,13.58,12.09
1000,791.16,17.44,19.82
1001,651.99,14.52,16.26
1002,653.8,16.01,19.74
1003,489.17,11.19,11.89
1004,779.42,17.8,20.58
1005,805.39,19.24,16.88
1006,800.16,16.07,17.83
1007,779.29,19.65,16.23
1008,490.45,10.7,11.23
1009,794.64,18.62,20.62
1010,790.89,18.59,18.98
1011,649.91,15.34,16.73
1012,513.81,12.09,13.29
1013,502.23,9.44,7.89
1014,490.72,11.31,9.78
1015,794.97,17.29,18.49
1016,636.82,13.03,13.51
1017,821.89,20.74,21.26
1018,797.98,17.79,18.01
1019,513.35,14.04,14.32
1020,659.43,14.38,16.74
1021,784.52,16.36,17.85
1022,659.81,17.24,18.23
1023,634.66,13.4,13.9
1024,808.09,19.33,22.46
1025,658.55,15.98,17.05
1026,511.54,11.6,12.76
1027,638.09,14.12,15.51
1028,785.94,17.82,19.3
1029,793.12,17.03,20.32
1030,797.95,19.69,21.61
1031,799,19.51,22.21
1032,503.21,10.73,8.64
1033,492.41,12.89,11.32
1034,505.67,12.87,12.69
1035,503.94,12.95,13.42
1036,804.01,18,19.91
1037,493.55,11.74,10.15
1038,512.08,12.5,11.86
1039,814.41,17.31,15.89
1040,794.99,16.54,16.19
1041,798.23,17.49,17.9
1042,655.95,16.05,16.38
1043,642.82,14.19,13.45
1044,776.56,15.96,13.93
1045,487.32,8.94,7.93
1046,502,11.61,10.6
1047,802.99,16.43,18.19
1048,784.74,17.99,21.31
1049,649.57,14.17,15.23
1050,787.55,17.17,16.64
1051,497.67,12.07,13.42
1052,791.31,16.44,13.88
1053,665.41,15.71,15.99
1054,639.01,15.78,16.2
1055,659.42,15.66,14.79
1056,798.64,18.02,18.25
1057,663.59,16.59,18.77
1058,486.14,11.07,10.37
1059,801.29,17.38,19.19
1060,659.27,18.03,19.27
1061,517.73,13.75,11.94
1062,809.88,18.29,15.93
1063,652.83,14.82,17.28
1064,790.93,14.65,15.13
1065,500.55,12.58,13.43
1066,815.05,19.49,18.65
1067,512.91,14.91,15.27
1068,807.89,18.54,20.52
1069,493.95,12.39,11.96
1070,654.39,15.18,17.05
1071,777.45,16.88,16.44
1072,642.44,14.08,17.46
1073,621.01,12.67,13.29
1074,640.92,14.11,14.33
1075,634.95,13.07,15.35
1076,657.59,16.08,19.31
1077,663.3,16.64,17.08
1078,490.28,9.83,8.75
1079,798.39,17.17,17.64
1080,500.3,12.81,13.63
1081,809.95,18.27,17.34
1082,660.2,15.75,17.88
1083,811.82,18.61,19.28
1084,813.33,20.79,21.26
1085,803.55,17.16,19.63
1086,816.38,21.39,21.74
1087,797.61,18.37,21.79
1088,645.87,14.36,16.77
1089,490.83,10.64,10.62
1090,648.92,15.25,15.47
1091,517.93,14.52,13.49
1092,650.13,13.67,13.78
1093,638.81,15.47,15.37
1094,791.06,15.81,14.24
1095,801.62,18.93,21.36
1096,507.46,11.5,10.21
1097,505.52,13.79,14.28
1098,811.59,18.79,18.58
1099,497.2,11.31,11.62
1100,809.31,19.19,19.39
1101,487.24,9.54,9.36
1102,513.17,14.39,13.96
1103,785.71,15.67,14.73
1104,488.92,11.46,13.03
1105,790.7,15.86,15.46
1106,809.95,17.84,21.99
1107,494.77,11.95,11.93
1108,627.38,10.88,11.88
1109,808.71,19.51,18.71
1110,500.31,11.69,10.58
1111,785.38,19.73,20.28
1112,498.37,10.83,12.71
1113,488.86,12.19,12.84
1114,663.93,16.6,18.38
1115,799.57,18.17,18.97
1116,776.27,16.03,17.47
1117,787.06,17.85,18.08
1118,656.52,14.45,13.78
1119,650.31,14.74,16.72
1120,504.34,13.69,13.94
1121,812.16,19.06,21.02
1122,816.06,17.34,20.28
1123,799.56,17.22,17.69
1124,515.65,14.29,13.85
1125,777.04,16.86,18.5
1126,790.01,16.04,17.57
1127,671.46,17.38,17.01
1128,647.32,15.61,15.91
1129,817.85,18.58,20
1130,497.94,11.05,12.04
1131,784.83,16.22,17.32
1132,488.15,9.07,10.47
1133,795.07,18.72,19.61
1134,645.21,14.32,15.69
1135,811.8,18.43,19.58
1136,502.01,10.67,10.32
1137,636.1,14.92,16.38
1138,649.37,15.57,16.68
1139,498.18,12.52,13.67
1140,637.37,14.12,14.76
1141,511.88,11.75,12.75
1142,657.11,14.52,14.07
1143,774.9,15.54,14.35
1144,645.42,14.62,16.06
1145,794.62,18.83,19.79
1146,799.73,18.28,18.07
1147,804.8,17.48,19.52
1148,665.49,16.5,17.22
1149,511.54,13.26,13.83
1150,501.68,13.62,15
1151,653.15,16.38,15.95
1152,632.15,15.06,15.68
1153,809.33,16.38,17.33
1154,519.46,13.42,13.74
1155,658.78,15.84,16.82
1156,656.68,16.22,20.78
1157,802.21,18.59,24.43
1158,632.19,12.93,13.44
1159,478.62,9.81,10.21
1160,813.83,19.46,19.46
1161,797.72,17.68,19.5
1162,638.91,14.33,17.57
1163,638.86,12.67,12.28
1164,500.05,14.08,15.21
1165,506.38,12.27,11.7
1166,805.79,19.71,22.12
1167,795.41,19.8,22.85
1168,816.05,19.76,23.59
1169,789.92,18.28,19.91
1170,814.79,20.32,17.94
1171,509.33,13.27,12.07
1172,797.88,18.47,17.7
1173,814.21,16.48,18.87
1174,509.49,14.01,12.82
1175,638.84,12.22,13.06
1176,656.58,15.29,16.33
1177,649.05,15.66,17.09
1178,796.13,17.83,18.57
1179,467.99,8.28,9.12
1180,648.84,13.14,12.47
1181,653.13,14.6,15.65
1182,496.65,12.08,10.85
1183,639.46,13.7,17.33
1184,640.73,15.08,13.82
1185,639.84,13.8,14.27
1186,798.79,17.16,19.57
1187,649.55,14.79,17.42
1188,643.13,14.86,15.91
1189,653.38,17.91,17.71
1190,645.45,13.74,12.95
1191,806.89,18.07,21.59
1192,644.18,13.64,13.62
1193,806.24,19.51,23.54
1194,655.54,15.75,16.49
1195,647.81,13.9,15.58
1196,659.34,15.81,14.09
1197,494.42,12.58,11.07
1198,469.61,9.6,9.12
1199,505.06,10.69,10.83
1200,518.97,13.71,15.16
1201,802.4,17.22,22.86
1202,797.89,18.17,19.94
1203,797.06,17.11,17.7
1204,626.97,13.08,13.01
1205,650.23,15.47,16.48
1206,804.43,19.1,19.32
1207,801.36,19.5,20.17
1208,791.82,16.02,17.96
1209,797.85,18.31,17.72
1210,646.34,16.69,21.02
1211,660.47,13.96,16.39
1212,808.53,18.16,18.5
1213,822.06,20.48,19.65
1214,657.65,15.91,18.77
1215,645.83,15.62,17.39
1216,508.78,12.95,14.2
1217,512.55,14.41,13.79
1218,785.39,18.04,18.43
1219,647,13.64,17.51
1220,798.66,17.04,17.62
1221,463.93,8.82,8.67
1222,629.52,12.79,12.41
1223,521.03,13.53,13.7
1224,812.38,19.09,18.18
1225,658.87,13.79,14.24
1226,801.13,16.78,15.55
1227,504.96,11.01,10.09
1228,791.23,15.62,15.15
1229,639.58,15.52,17.35
1230,517.61,14.09,13.42
1231,514.75,14.93,14.48
1232,802.76,19.96,21.66
1233,505.85,13.28,13.47
1234,657.22,16.39,19.02
1235,640.22,15.24,15.62
1236,658.92,16.32,17.82
1237,797.44,16.09,14.55
1238,528.73,14.87,16.34
1239,805.48,19.83,20.64
1240,648.36,15.38,16.33
1241,491,10.48,11.55
1242,494.2,10.05,10.47
1243,647.48,14.36,17.22
1244,655.74,16.35,17.61
1245,659.2,18.01,18.86
1246,648.15,12.58,14.14
1247,813.66,17.17,16.19
1248,504.89,11.02,11.49
1249,507.9,12.99,13.36
1250,497.92,10.21,10.72
1251,634.52,12.5,13.39
1252,642.73,12.38,11.84
1253,777.04,15.52,15.66
1254,781.88,19.32,19.53
1255,659.29,16.72,16.72
1256,652.07,16.05,17.36
1257,787.4,18.06,21.49
1258,795.29,15.76,17.12
1259,801.67,19.42,20.97
1260,822.34,21.38,21.93
1261,651.25,15.14,14.56
1262,658.97,16.33,17.32
1263,794.5,17.69,15.12
1264,642.26,14.9,15.05
1265,499.32,12.72,13.16
1266,642.22,13.42,13.58
1267,640.47,13.08,15.41
1268,666.07,16.35,16.23
1269,651.87,14.93,15.7
1270,809.58,18.7,16.39
1271,496.71,11.91,12.56
1272,662.62,15.83,15.53
1273,792.72,17.92,19.75
1274,776.96,14.03,16.28
1275,805.51,17.24,16.25
1276,793.54,16.98,17.3
1277,644.31,15.62,16.19
1278,659.83,14.17,13.57
1279,502.12,12.2,12.77
1280,797.09,17.53,18.27
1281,523.92,14.68,14.01
1282,623.93,12.51,13.07
1283,799.23,19.96,21.33
1284,790.83,18.17,16.87
1285,784.24,16.86,16.62
1286,801.84,18.37,19.42
1287,782.71,18.14,17.94
1288,650.27,15.09,13.97
1289,642.82,14.43,15.01
1290,790.01,19.16,17.58
1291,641.19,13.68,14.51
1292,803.14,17.58,17.97
1293,662.59,16.2,19.74
1294,499.23,11.37,13.67
1295,510.33,10.5,10.24
1296,781.89,17.73,19.24
1297,792.91,17.07,17.26
1298,620.1,13.6,14.46
1299,663.11,14.9,18.46
1300,664.1,15.8,17.12
1301,647.23,14.87,16.78
1302,802.8,19.7,21.72
1303,502.73,13.65,15.07
1304,825.76,18.8,19.67
1305,508.68,13.35,12.87
1306,501.99,12.93,12.58
1307,633.68,11.86,12.16
1308,805.12,17.98,24.3
1309,647.15,14.54,16.8
1310,640.12,12.64,13.51
1311,788.98,18.78,17.41
1312,801.85,16.89,20.39
1313,639.35,14.12,15.54
1314,639.68,15.45,16.86
1315,521.27,14.55,13.91
1316,648.12,16.83,20.5
1317,627.81,12.79,15.21
1318,655.07,15.33,16.05
1319,509.44,11.51,11.88
1320,491.78,9.79,9.63
1321,813.25,18.77,20.68
1322,488.83,10.58,11.64
1323,805.27,20.33,20.5
1324,807.07,16.88,17.08
1325,495.52,12.82,12.67
1326,616.88,14.23,15.15
1327,806.23,19.5,22.58
1328,648.75,14.98,16.71
1329,808,18.91,19.77
1330,500.3,12.05,10.45
1331,630.97,13.94,14.78
1332,513.44,14.43,15.66
1333,651.05,14.52,18.93
1334,672.1,19.9,20.87
1335,499.14,12.92,13.07
1336,515.52,13.9,14.32
1337,798.36,18.47,19.05
1338,502.85,13.45,12.49
1339,664.5,16.28,18.53
1340,786.16,15.34,16.74
1341,507.08,12.18,11.13
1342,658.39,15.59,16.82
1343,802.49,18.12,15.49
1344,799.97,21.19,24.5
1345,652.64,15.7,16.21
1346,508.99,12.04,11.82
1347,774.84,16.73,20.75
1348,778.9,15.41,19.58
1349,476.98,11.23,12.21
1350,505.73,13.02,12.82
1351,641.44,15.21,14.92
1352,788.13,16.95,19.86
1353,631.83,12.88,12.42
1354,807.19,20.73,22.84
1355,481.28,10.53,9.9
1356,658.2,13.42,15.03
1357,649.56,14.9,16.38
1358,803.25,16.41,15.34
1359,793.06,17.34,17.22
1360,508.67,13.76,14.31
1361,637.61,13.57,13.38
1362,656.2,17.63,21.79
1363,503.28,11.23,9.03
1364,649.94,15.43,13.95
1365,625.54,14.74,16.87
1366,806.65,15.57,13.96
1367,662.54,16.61,17.65
1368,634.88,13.87,13.95
1369,484.66,10.98,11.96
1370,802.47,18.05,20.87
1371,518.39,13.75,13.56
1372,799.41,19.43,20.83
1373,805.53,18.1,18.77
1374,799.76,19.96,21.77
1375,636.39,14.86,15.69
1376,802.76,18.87,21.7
1377,814.64,19.3,20.23
1378,523.78,15.01,15.14
1379,813.07,18.14,18.18
1380,818.16,19.09,16.53
1381,488.92,12.4,12.26
1382,793.07,18.88,21.23
1383,521.93,13.91,13.44
1384,626.89,12.33,12.42
1385,504.97,12.05,11.51
1386,787.05,17.3,21.57
1387,523.71,15.42,15.98
1388,660.63,14.52,16.65
1389,493.61,11.27,12.67
1390,797.09,17.04,16.06
1391,503.89,13.04,12.27
1392,655.76,16.3,16.6
1393,512.75,14.86,15.54
1394,650.92,13.7,14.28
1395,784.18,17.28,17.81
1396,493.26,12.12,12.06
1397,648.12,16.44,18.03
1398,647.69,15.66,18.98
1399,650.05,18.85,19.59
1400,807.98,16.81,19.36
1401,792.35,19.5,21.54
1402,498.73,12.79,13.19
1403,640.89,15.06,14.87
1404,800.65,18.75,21.5
1405,518.55,12.78,12.9
1406,488.05,9.95,10.39
1407,803.08,19.05,20.37
1408,797.03,18.58,18.84
1409,651.54,14.19,16.27
1410,797.79,17.19,20.65
1411,501.91,13.8,13.31
1412,516.23,12.98,11.66
1413,794.51,16.61,17.58
1414,793.53,18.7,18.65
1415,795.24,17.15,16.47
1416,635.22,11.95,15.32
1417,804.52,19.39,21.83
1418,646.58,15.68,18.95
1419,505.42,13.52,13.2
1420,656.53,16.45,19.15
1421,803.87,16.69,15.53
1422,656.9,15.73,15.4
1423,797.08,17.74,19.23
1424,615.33,11.79,13.81
1425,810.83,20.17,19.64
1426,794.75,17.4,17.96
1427,807.5,20.16,20.98
1428,823.99,18.71,21.45
1429,654.36,14.95,17.25
1430,647.67,13.27,15.47
1431,790.25,17.7,19.28
1432,776.03,17.41,17.22
1433,650.35,15.16,13.82
1434,797.08,19.61,19.85
1435,504.3,12.17,11.61
1436,811.55,18.9,18.7
1437,653.69,13.26,14.74
1438,509.31,12.13,13.42
1439,802.16,17.45,21.42
1440,498.43,11.17,9.82
1441,642.7,14.35,12.78
1442,802.36,17.77,21.02
1443,501.73,12.02,12.24
1444,774.46,15.97,18.54
1445,502.65,11.95,10.73
1446,495.17,12.38,12.97
1447,645.9,14.92,15.06
1448,635.62,16.28,15.94
1449,648.56,15.55,15.92
1450,648.06,13.9,14.99
1451,656.43,15.68,14.98
1452,793.21,18.01,19.7
1453,800.16,18.32,19.7
1454,801.13,18.14,19.96
1455,788.09,18.83,18.33
1456,660.45,14.43,14.32
1457,787.02,16.9,18.27
1458,844.04,20.49,20.7
1459,808.92,19.61,18.47
1460,779.8,18.11,20.48
1461,515.91,13.17,13.39
1462,811.6,19.44,20.49
1463,642.37,15.77,15.97
1464,493.69,10.68,10.36
1465,503.72,11.65,11.56
1466,504.22,10.02,9.05
1467,644.69,15.51,15.52
1468,784.5,17.79,17.69
1469,654.01,15.18,16.17
1470,650.45,14.32,16.41
1471,648.8,15.01,16.44
1472,501.94,12.17,11.26
1473,494.61,11.51,10.25
1474,522.07,14.25,13.55
1475,800.47,18.95,17.93
1476,495.69,10.48,10.37
1477,791.85,18.8,19.18
1478,486.62,10.29,11.12
1479,798.63,15.79,20.57
1480,807.57,19.47,20.74
1481,816.16,19.75,21.6
1482,637.06,15.7,18.71
1483,630.89,15.21,15.62
1484,502.93,11.89,12.18
1485,820.68,19.81,23.48
1486,647.03,13.72,11.79
1487,800.91,17.84,17.56
1488,792.45,16.87,14.04
1489,495.12,11.58,10.16
1490,649.57,14.48,15.55
1491,822.39,19.52,18.66
1492,808.19,17.81,20.12
1493,659.54,16.6,18.25
1494,634.87,16.58,17.5
1495,642.06,14.17,15.23
1496,799.67,16.83,15.7
1497,480.26,11.64,12.98
1498,485.15,11,11.55
1499,800.61,18.42,18.13
1500,652.76,15.75,16.13
1501,825.07,20.33,24.67
1502,514.12,13.27,14.17
1503,801.14,20.65,21.93
1504,652.31,13.51,13.78
1505,490.47,11.12,11.04
1506,794.35,18.74,20.43
1507,504.06,14.03,14.71
1508,661.09,17.86,20.27
1509,794.42,16.77,16.99
1510,637.07,13.57,14.45
1511,779.17,16.94,18.44
1512,640.14,16.03,19.17
1513,811.28,18.47,19.37
1514,653.57,16.07,18.76
1515,802.33,17.83,17.64
1516,505.31,11.59,12.19
1517,669,16.94,17.69
1518,666.96,16.41,15.97
1519,497.2,10.78,12.1
1520,820.3,18.63,19.34
1521,659.04,15.02,14.3
1522,498.41,9.98,9.96
1523,820.65,20.02,22.61
1524,801.87,19.44,22.15
1525,640.18,13.57,13.47
1526,508.82,14.86,13.35
1527,784.72,15.98,17.79
1528,809.12,19.88,22.62
1529,674.68,18.77,18.26
1530,807.65,17.66,16.59
1531,477.02,7.9,8.87
1532,793.65,14.79,13.33
1533,626.05,13.7,14.21
1534,659.9,16.3,18.82
1535,499.03,11.9,14.1
1536,793.49,14.96,15.38
1537,644.41,13.52,13.77
1538,657.72,15.11,14.99
1539,658.47,14.69,13.96
1540,787.21,16.35,17.96
1541,518.38,14.11,12.94
1542,491.6,10.39,11.53
1543,527.88,13.91,14.04
1544,521.51,14.7,15.66
1545,805.12,17.24,19.31
1546,807.47,16.67,20.22
1547,490.92,11.84,12.03
1548,510.82,13.36,12.94
1549,805.28,19.94,19.22
1550,510.38,11.52,11.13
1551,777.91,17.96,18.68
1552,800.55,17.8,18.35
1553,798.49,17.71,20.42
1554,649.97,16.08,20.08
1555,613.24,12.63,13.92
1556,503.3,12.9,11.21
1557,677.71,17.21,17.16
1558,641.15,13.83,13.79
1559,646.57,14.2,17.43
1560,660.16,17.51,18.18
1561,661.19,17.22,21.05
1562,795.9,16.02,16.95
1563,516.58,13.65,14.26
1564,491.08,8.44,7.89
1565,792.38,17.63,16.45
1566,639.24,12.59,13.77
1567,665.69,16.52,17.4
1568,641.83,13.65,14.39
1569,503.29,11.33,11.35
1570,491.79,11.62,12.78
1571,809.07,18.07,17.79
1572,785.71,16.43,15.72
1573,635.54,14.6,15.86
1574,640.01,14.62,15.71
1575,796.76,16.74,16.56
1576,796.76,15.68,19.06
1577,788.91,19.25,19.75
1578,656.21,14.39,17.23
1579,804.29,19.66,21.19
1580,824.92,21.03,25.3
1581,812.53,19.09,23.66
1582,500.47,11.73,13.02
1583,651.91,15.18,16.55
1584,473.83,9.65,9.99
1585,647.53,14.86,15.42
1586,819.08,20.74,23.77
1587,791.04,17.97,18.55
1588,634.65,13.9,13.88
1589,651.1,14.31,15.8
1590,654.93,17.02,16.72
1591,509.61,12.76,12.87
1592,802.14,19.44,19.11
1593,508.86,13.82,13.68
1594,786.27,17.11,19.99
1595,652.17,13.79,15.4
1596,504.49,12.1,14.06
1597,812.15,17.15,15.79
1598,642.33,13.6,14.45
1599,484.62,11.76,12.37
1600,772.97,16.94,16.93
1601,785.77,15.32,13.71
1602,802.65,19.42,21.96
1603,638.29,15.19,15.3
1604,631.09,12.63,14.99
1605,648.2,15.32,14.94
1606,791.13,17.39,20
1607,782,17.76,18.05
1608,644.05,16.09,14.68
1609,648.48,14.09,15.08
1610,653.87,15.98,17.84
1611,796.53,16.9,19.78
1612,647.14,15.24,15.47
1613,810.25,20.7,18.79
1614,788.51,16.91,17.8
1615,646.6,16.46,16.34
1616,650.02,13.7,15.61
1617,498.24,11.79,11.69
1618,654.48,14.4,13.82
1619,628.26,11.99,10.3
1620,511.67,15.49,15.17
1621,792.45,17.23,17.64
1622,792.9,14.9,14.79
1623,492.77,9.75,8.97
1624,784.84,19.01,18.85
1625,661,17.92,18.37
1626,795.23,16.07,16.32
1627,655.72,15.58,14.89
1628,491.97,11.34,10.05
1629,628.21,13.74,14.16
1630,659.74,15.06,15.56
1631,780.36,17.39,20.41
1632,642.81,15.87,15.72
1633,664.78,14.93,16.94
1634,498.51,9.49,8.24
1635,812.7,19.57,20.37
1636,650.34,15.06,15.15
1637,494.97,11.82,14.01
1638,500.27,13.55,11.3
1639,515.03,14.81,14.43
1640,652.53,15.85,15.38
1641,666.05,18.13,17.89
1642,793.07,18.02,17.85
1643,786.88,16.88,15.76
1644,806.24,17.31,16.87
1645,793.53,16.97,18.73
1646,789.12,18.36,19.86
1647,823.05,20.19,20.79
1648,805.3,17.53,19.08
1649,790.84,17.34,17.21
1650,497.33,11.4,9.95
1651,653.66,14.93,15.87
1652,808.56,20.39,22.59
1653,482.12,8.65,8.67
1654,798.41,15.63,18.72
1655,498.19,12.06,11.77
1656,797.14,16.89,16.73
1657,639.57,14.68,15.1
1658,497.8,10.53,11.49
1659,503.61,11.59,12.09
1660,640.57,16.36,18.56
1661,799.4,17.33,19.47
1662,642.89,15.2,18.1
1663,663.47,16.89,17.84
1664,637.28,13.16,14.86
1665,664.94,15.63,17.5
1666,640.7,14.26,16.1
1667,482.85,12.3,14.42
1668,811.76,20.97,25.06
1669,784.87,18.04,16.11
1670,504.62,10.28,11.3
1671,676.74,17.49,19.24
1672,802.6,16.91,16.46
1673,805.91,17.24,17.17
1674,825.36,19.8,20.74
1675,780.28,16.16,18
1676,497.57,12.82,13.28
1677,650.45,15.25,14.63
1678,790.29,17.68,20.79
1679,804.01,17.22,19.06
1680,651.96,16.22,18.25
1681,495.57,11.39,12.65
1682,806.42,17.94,18.25
1683,655.49,15.41,15.06
1684,649.89,16.32,18.11
1685,806.12,18.44,21.3
1686,788.07,18.49,17.33
1687,660.59,15.12,15.66
1688,641.75,13.83,13.54
1689,514.69,13.94,14.88
1690,626.61,12.24,13.09
1691,773.64,15.27,18.65
1692,494.86,12.12,14.2
1693,653,14.85,15.79
1694,515.46,13.5,12.09
1695,791.73,17.31,19.83
1696,636,11.85,16.5
1697,642.28,15.67,13.66
1698,641.01,13.48,14.62
1699,796.3,19.23,18.7
1700,650.3,15.44,16.82
1701,660.91,15,14.9
1702,797.74,18.75,20.54
1703,662.49,16.43,16.38
1704,650.53,14.36,14.17
1705,801.02,17.99,20.44
1706,800.16,18.16,20.52
1707,654.96,15.59,14.39
1708,645.93,13.28,13.83
1709,681.84,18.18,20.33
1710,476.15,8.61,9.65
1711,807.48,18.34,21.68
1712,653.58,16.67,16.77
1713,802.05,17.41,18.68
1714,495.03,11.64,12.26
1715,825.67,21,24.23
1716,493.58,11.58,11.7
1717,818.63,18.25,16.22
1718,514.59,12.57,13.51
1719,798.06,17.21,17.02
1720,661.45,16.09,17.16
1721,635.94,14.2,17.14
1722,641.77,14.04,14.01
1723,483.56,9.35,10.05
1724,499.88,12.19,11.41
1725,796.82,18.38,21.94
1726,662.31,14.87,15.46
1727,793.11,17.53,17.21
1728,627.58,13.93,13.6
1729,647.38,15.52,18.89
1730,513.25,14.13,15.28
1731,506.98,15.13,14.45
1732,789.73,18.01,18.78
1733,492.8,9.96,9.58
1734,646.64,13.88,15.21
1735,657.08,15.28,16.69
1736,638.46,14.68,16.71
1737,660.9,16.7,19.48
1738,499.45,10.36,11.02
1739,646.12,15.51,16.91
1740,787.64,16.75,16.35
1741,784.48,16.55,15.61
1742,797.33,17.14,18.52
1743,658.3,15.93,18.74
1744,644.58,15.71,17.89
1745,811.42,18.95,18.92
1746,516.47,13.81,13.05
1747,818.04,17.31,16.86
1748,640.36,16.45,14.57
1749,503.96,11.75,10.32
1750,644.65,14.44,17.4
1751,823.63,20.59,24.14
1752,632.15,11.86,14.02
1753,501.23,12.76,13.23
1754,654.52,14.47,15.81
1755,798.06,18.34,18.4
1756,795.69,17.76,19
1757,633.83,15.12,16.64
1758,801.82,18.42,20.57
1759,662.32,15.58,14.97
1760,469.39,8.31,6.56
1761,816.21,19.54,19.36
1762,661.16,15.35,15.17
1763,778.21,17.43,18.15
1764,652.13,16.6,19.16
1765,647.6,16.3,17.77
1766,491.88,13,13.95
1767,518.04,15.2,16.73
1768,509.92,13.05,13.08
1769,508.17,13.3,13.24
1770,495.85,10.18,9.33
1771,793.5,16.52,16.03
1772,657.77,17.71,19.08
1773,814.55,19.74,21.17
1774,494.89,10.79,10.16
1775,637.05,13.97,12.34
1776,785.52,16.57,15.07
1777,628.81,11.6,13.1
1778,651.16,13.06,12.87
1779,780.18,15.42,16.35
1780,795.86,17.87,20.51
1781,654.93,14.77,15.98
1782,516.11,13.73,12.51
1783,671.3,17.32,17.17
1784,820.51,19.9,25.3
1785,491.69,10.84,11.32
1786,644.79,13.05,14.18
1787,784.64,17.78,18.67
1788,666.85,16.12,18.68
1789,794.75,16.46,16.65
1790,513,13.86,14.77
1791,794.71,18.77,21.33
1792,634.89,10.76,13.59
1793,636.98,14.56,18.69
1794,806.05,19.42,16.97
1795,503.05,13.48,13.87
1796,786.19,15.82,15.8
1797,650.78,17.4,19.65
1798,495.82,12.69,12.43
1799,794.83,19.67,20.5
1800,504.22,13.64,13.45
1801,780.58,16.33,15.88
1802,661.24,13.7,12.97
1803,806.53,17.12,18.73
1804,499.06,12.45,11.96
1805,813,18.88,18.6
1806,646.06,15.15,15.13
1807,796.81,16.62,17.84
1808,809.23,16.88,19.87
1809,493.32,9.98,8.37
1810,657.19,16.51,19.07
1811,805.5,18.29,17.66
1812,793.7,18.07,20.01
1813,633.66,13.56,12.77
1814,490.69,11.18,12.77
1815,823.1,19.91,20.61
1816,506.77,11.8,10.89
1817,797.7,16.78,18.92
1818,647.12,15.13,15.22
1819,821.88,18.39,17.01
1820,795.57,18.68,19.28
1821,660.51,13.62,12.25
1822,796.77,17.25,18.07
1823,794.01,15.45,14.54
1824,802.86,17.87,21.72
1825,768.02,15.61,16.1
1826,637.18,12.81,13.67
1827,646.66,17.45,17.72
1828,496.61,12.47,12.77
1829,650.2,15.36,16.28
1830,789.24,18.55,20.72
1831,500.31,12.8,11.08
1832,798.22,18.78,18.84
1833,638.07,15.85,17.42
1834,646.84,16.88,18.82
1835,794.85,17.55,19.08
1836,645.62,17.04,18.34
1837,503.03,10.98,10.21
1838,635.45,13.8,16.93
1839,787.71,17.43,17.06
1840,800.64,17.69,20.74
1841,785.62,17.26,17.08
1842,800.65,19.35,17.43
1843,513.57,14.63,14.4
1844,794.87,19.27,19.79
1845,803.29,17.56,17.58
1846,649.17,14.11,17.76
1847,661.01,15.51,18.82
1848,657.75,16.65,18.38
1849,641.97,14.09,16.3
1850,496.72,10.86,10.13
1851,798.67,17.57,19.37
1852,646.95,15.83,17.66
1853,805.82,16.8,15.55
1854,507.19,14.23,13.95
1855,805.16,18.84,19.27
1856,493.33,10.62,11.43
1857,667.94,16.97,16.08
1858,773.53,16.85,19.5
1859,667.37,16.36,16.2
1860,809.44,17.38,18.97
1861,477.61,9.32,10.86
1862,662.48,14.91,18.71
1863,821.4,18.89,19.33
1864,788.97,17.6,17.7
1865,643.07,12.98,17.63
1866,510.77,13.31,12.73
1867,493.51,10.19,10.15
1868,649.77,13.07,11.3
1869,799.58,17.81,17.55
1870,782.44,16.61,15.73
1871,800.44,19.15,17.1
1872,494.99,11.92,11.09
1873,627.45,12.86,12.18
1874,783.97,18.2,16.17
1875,650.83,14.54,15.61
1876,655.53,17.23,17.49
1877,813.17,20.11,19.89
1878,639.09,13.27,13.41
1879,635.84,13.22,12.88
1880,794.67,16.64,20.67
1881,505.57,12.9,14.79
1882,773.45,16.05,16.13
1883,645.3,13.09,15.95
1884,651.34,15.05,14.83
1885,794.74,16.31,19.29
1886,513.47,11.21,12.38
1887,793.94,17.24,18.31
1888,643.78,14.65,16.68
1889,634.25,13.7,14.63
1890,805.89,21.06,20.27
1891,505.86,11.07,10.26
1892,515.86,14.57,14.6
1893,494.69,11.43,11.63
1894,816.22,18.35,18.81
1895,499.76,12.43,13.68
1896,788.24,15.96,16.63
1897,783.81,17.82,17.72
1898,512.79,13.75,15.99
1899,670.42,15.95,18.79
1900,477.62,9.97,10.19
1901,820,18.81,20.03
1902,778.35,16.4,16.65
1903,800.99,17.54,19.55
1904,807.56,19.96,23.47
1905,666.48,16.65,18.29
1906,657.19,14.59,14.41
1907,658.05,14.83,15.18
1908,645.2,14.81,15.28
1909,656.06,14.75,14.64
1910,802.56,18.11,19.01
1911,782.11,15.99,18.09
1912,782.6,17.52,16.08
1913,511.28,13.37,15.08
1914,483.72,12.26,12.79
1915,653.96,14.05,16.15
1916,636.69,13.95,14.31
1917,648.43,14.9,17.01
1918,806.62,19.34,20.59
1919,652.68,16.31,16.42
1920,498.4,11.37,11.73
1921,805.37,20.48,22.98
1922,806.01,17.85,20.78
1923,503.71,11.67,11.4
1924,641.79,13.89,15.59
1925,813.02,18.33,21.24
1926,788.19,17.16,21.27
1927,512.54,12.71,12.49
1928,792.25,19.13,18.57
1929,485.22,8.7,8.66
1930,787.85,18.93,16.11
1931,649.83,12.76,10.51
1932,788.73,18.39,19.63
1933,665.55,14.24,16.05
1934,797.61,18.66,21.27
1935,776.57,14.97,16.57
1936,794.97,17.14,17.35
1937,644.52,15.68,16.01
1938,796.79,17.79,16.7
1939,659.35,16.45,16.74
1940,505.57,12.46,11.21
1941,799.36,19.41,21.65
1942,500.49,12.39,14.21
1943,652.73,14.29,19.47
1944,796.96,17.96,18.89
1945,511.51,12.98,11.63
1946,641.56,14.85,17.87
1947,495.96,12.02,11.11
1948,795.04,18.52,19.03
1949,492.65,10.47,11.12
1950,502.61,12.73,13.56
1951,651.95,15.63,19.59
1952,795.84,16.28,19.47
1953,802.06,19.13,21.8
1954,510.73,12.63,12.03
1955,818.43,20.38,23.21
1956,647.09,13.4,12.69
1957,510.34,13.28,12.91
1958,780.38,16.45,18.77
1959,514.93,15.29,14.21
1960,658.26,14.46,13.9
1961,648.88,13.04,14.03
1962,499.91,11.67,11.26
1963,634.06,13.83,15.82
1964,505.16,13.79,15.46
1965,662.89,15.07,18.13
1966,797.92,17,19.35
1967,509.39,13.04,12.14
1968,801.67,20.24,22.96
1969,503.35,12.88,12.71
1970,507.4,12.54,11.38
1971,668.02,17.22,17.79
1972,792.79,18.47,18.23
1973,653.97,15.71,18.22
1974,664.22,15.72,17.79
1975,809.81,19.86,18.93
1976,781.47,16.45,14.59
1977,494.95,12.5,11.8
1978,802.62,18.74,21.98
1979,779.27,15.95,14.95
1980,657.79,15.53,16.72
1981,658.89,15.55,15.63
1982,497.15,12.56,13.58
1983,484.94,10.58,10.58
1984,662.62,16.76,17.96
1985,814.79,18.88,20.9
1986,637.45,14.52,16.16
1987,495.64,11.86,13.48
1988,499.55,13.72,14.62
1989,658.44,14.89,14.06
1990,507.14,13.07,12.69
1991,505.62,13.23,15.28
1992,669.51,16.6,17.57
1993,794.69,17.75,17.53
1994,645.42,13.79,15.6
1995,642.31,14.11,13.29
1996,667.09,15.36,20.14
1997,498.34,10.12,10.34
1998,648.8,16.08,16.48
1999,497.69,11.34,12.25
2000,800.48,17.06,16.34
2001,492.99,10.85,11.1
2002,797.42,16.85,16.14
2003,491,10.15,11.41
2004,517.77,12.23,12.59
2005,785.56,17.72,18.76
2006,828.12,19.89,20.79
2007,809.84,20.44,22.9
2008,626.19,13.16,14.98
2009,777.69,15.96,16.32
2010,516.89,15.36,15.5
2011,813.9,19.06,21.02
2012,792.25,19.66,21.94
2013,508.47,12.46,11.97
2014,502.52,13.26,13.48
2015,814.55,17.08,18.02
2016,632.14,14.44,17.23
2017,517.09,11.98,11.54
2018,803.79,18.31,17.41
2019,805.72,17.65,19.53
2020,783.57,15.48,16.25
2021,643.28,14.82,14.66
2022,498.2,10.58,9.65
2023,792.05,18.8,20.5
2024,496.77,11.31,10.93
2025,641.47,15.45,18.16
2026,655.98,16.55,15.91
2027,509.22,13,14.04
2028,493.71,11.47,11.36
2029,508.4,12.86,11.35
2030,660.66,15.68,16.08
2031,491.62,10.74,9.27
2032,786.43,17.16,19.27
2033,657.07,14.8,14.61
2034,803.26,18.01,17.12
2035,798.82,19.05,22.73
2036,797.43,19.34,22.46
2037,795.73,18.17,20.7
2038,496.44,10.75,10.32
2039,794.69,18.23,21.62
2040,795.94,16.98,19.25
2041,778.09,17.5,19.11
2042,798.4,18.38,18.42
2043,788.64,16.45,18.17
2044,791.72,16.8,18.95
2045,628.87,12.39,13.33
2046,514.13,12.03,12.13
2047,826.82,18.85,19.85
2048,492.74,11.94,10.56
2049,655.38,13.52,14.57
2050,798.87,16.04,15.01
2051,796.06,18.84,16.41
2052,645.09,13.86,15.8
2053,821.97,20.6,20
2054,504.07,12.07,11.51
2055,638.76,15.47,17.29
2056,665.12,14.4,15.8
2057,503.44,12.49,13.82
2058,811.27,18.83,20.85
2059,799.25,17.75,14.62
2060,655.11,15.49,15.74
2061,808.31,20.05,19.77
2062,647.58,13.5,13.13
2063,510.85,12.51,11.79
2064,664.35,16.95,16.86
2065,793.48,17.97,17.9
2066,493.62,13.34,14.12
2067,499.4,10.96,9.76
2068,515.67,12.86,13.41
2069,653.08,14.98,16.34
2070,632.99,13.67,14.83
2071,629.01,15.46,13.07
2072,638.23,15.94,17.55
2073,631.15,12.44,11.81
2074,662.1,14.23,14.75
2075,494.91,11.26,10.97
2076,785.78,17.6,22.01
2077,784.96,17.96,19.17
2078,807.55,18.61,19.57
2079,647.52,14.66,14.69
2080,812.8,19.27,20.46
2081,482.5,10.6,10.19
2082,772.82,15.1,17.72
2083,480.78,9.46,9.56
2084,788.72,19.91,20.84
2085,643.83,13.9,16.39
2086,540,16.44,15.53
2087,822.43,19.51,19.67
2088,503.7,12.38,12.73
2089,808.39,16.57,19.72
2090,506.51,13.22,13.1
2091,801.61,17.89,18.43
2092,790.79,17.41,17.74
2093,661.44,17.37,19.22
2094,795.94,15.7,19.31
2095,664.12,14.79,15.09
2096,655.56,17.69,15.32
2097,488.87,9.88,10.25
2098,796.84,16.38,16.4
2099,647.13,15.54,15.36
2100,810.02,20.72,23.05
2101,506.22,11.36,11.78
2102,643.04,14.04,17.06
2103,807.78,16.25,18.28
2104,645.81,15.36,15.67
2105,814.48,18.46,20.7
2106,648.55,13.84,14.41
2107,656.55,15.24,16.18
2108,783.36,15.78,16.43
2109,809.01,18.48,18.61
2110,804.53,19.27,19.99
2111,480.97,9.82,10.43
2112,642.16,12.03,11.36
2113,650.85,16.11,15.58
2114,503.15,12.31,13.77
2115,506.12,12.52,12.5
2116,809.7,19.64,23.53
2117,491.95,11.8,11.26
2118,648.47,14.73,16.09
2119,794.86,17.04,19.95
2120,803.06,18.01,16.07
2121,650.95,14.33,15.17
2122,802.14,15.61,14.74
2123,785.87,16.05,17.57
2124,791.91,17.8,18.14
2125,776.32,17.03,17.22
2126,646.23,14.48,13.56
2127,798.21,17.11,18.78
2128,825.46,20.83,21.21
2129,616.98,12.26,13.22
2130,648.06,15.2,15.86
2131,813.01,18.93,25.52
2132,649.91,13.92,13.4
2133,507.22,12.59,11.47
2134,510.69,13.47,15.3
2135,785.66,16.99,17.41
2136,667.21,14.39,15.26
2137,496.84,13.07,14.97
2138,795.39,19.76,22.42
2139,778.53,15.14,15.72
2140,785.77,17.9,19.99
2141,510.44,14.16,15.61
2142,489.33,10.88,12.26
2143,495.32,11.62,10.61
2144,653.28,14.99,15.93
2145,501.85,12.12,11.8
2146,828.71,16.72,14.61
2147,818.89,18.96,20.44
2148,803.17,17.55,20.82
2149,802.08,18.84,20.78
2150,663.24,16.73,18.53
2151,662.62,14.28,13.89
2152,806.86,19.61,23
2153,515.23,13.53,14.61
2154,665.88,17.72,18.1
2155,775.33,17.25,17.84
2156,782.86,19.51,19.87
2157,819.3,17.22,15.07
2158,506.41,13.06,13.31
2159,796.44,20.48,22.66
2160,651.41,16.96,19.19
2161,810.46,18.25,19.04
2162,641.57,14.22,18.27
2163,806.32,19.19,19.97
2164,487.48,9.68,8.5
2165,640.52,16.17,17.89
2166,498.72,14.01,14.38
2167,503.14,12.44,11.86
2168,801.3,17.19,17.86
2169,791.65,17.08,17.33
2170,817.2,18.55,17.9
2171,512.98,12.36,13.91
2172,799.45,18.2,18.26
2173,646.54,13.44,14.74
2174,810.25,19.38,20.49
2175,653.84,13.04,12.79
2176,808.99,19.17,20.35
2177,635.07,11.9,12.22
2178,488.46,10.49,10.35
2179,501.43,12.87,13.27
2180,491.21,11.62,10.69
2181,659.66,16.05,14.86
2182,501.9,11.94,11.67
2183,647.21,14.27,17.25
2184,643.4,16.37,17.64
2185,649.7,15.49,14.21
2186,649.61,15.37,17.73
2187,661.26,15.41,17.27
2188,510.83,13.04,16.28
2189,776.67,16.58,19.71
2190,650.89,16.92,18.97
2191,793.93,15.9,16.76
2192,810.32,16.85,18.28
2193,493.63,11.33,9.93
2194,785.56,15.87,15.07
2195,493.76,11.5,11.27
2196,808.61,17.6,16.92
2197,495.09,11.03,8.84
2198,797.91,18.26,19.55
2199,799.15,18.32,21.8
2200,789.21,18.67,19.35
2201,504,13.98,13.71
2202,506.35,14.02,13.17
2203,493.98,8.83,9.69
2204,650.98,16.33,15.43
2205,487.8,9.55,9.36
2206,798.15,19.47,20.52
2207,639.05,12.59,14.74
2208,524.98,14.88,13.75
2209,509.3,11.51,11.83
2210,657.49,15.56,17.29
2211,490.82,10.78,9.45
2212,790.46,15.54,16.05
2213,494.09,12.35,10.84
2214,821.12,20.06,22.68
2215,638.12,12.2,15.09
2216,665.95,16.97,17.48
2217,806.52,18.57,18.32
2218,795.15,17.04,18.9
2219,654.4,15.5,15.4
2220,492.86,12.49,13.68
2221,802.01,17.37,22.83
2222,501.26,11.65,11.68
2223,492.73,12.19,12.35
2224,644.76,14.48,13.73
2225,500.22,11.28,11.64
2226,504.4,12.76,12.99
2227,789.62,16.34,13.87
2228,818.52,16.46,19.89
2229,783.56,17.59,22.07
2230,632.45,13.65,15.74
2231,668.46,17.38,18.84
2232,643.77,14.59,18.07
2233,810.97,18.9,22.19
2234,659.81,15.95,16.41
2235,501.9,10.08,8.47
2236,800.7,19.28,20.37
2237,801.66,18.26,20.22
2238,805.98,17.2,17.36
2239,646.03,12.63,10.44
2240,673.69,17.23,18.17
2241,797.62,18.23,18.97
2242,497.66,10.47,10.24
2243,631.55,13.46,14.56
2244,798.24,19.23,22.03
2245,650.98,13.13,12.49
2246,652.68,13.65,14.81
2247,773.4,16.71,15.48
2248,514.15,12.74,12.76
2249,635.59,14.69,14.06
2250,494.03,11.52,9.81
2251,507.12,12.84,13.22
2252,803.95,18.25,20.93
2253,492.06,11.3,10.29
2254,656.89,16.03,14.42
2255,811.84,18.07,19.34
2256,668.97,15.67,16.69
2257,789.58,16.99,18.8
2258,661.08,15.28,15.21
2259,495.55,11.32,9.05
2260,496.75,12.49,11.73
2261,802.75,18.21,21.81
2262,658.21,15.63,15.74
2263,641.35,14.17,15.65
2264,504.23,13.1,15.71
2265,805.69,18.31,19.09
2266,804.93,20.38,18.79
2267,658.23,16.58,16.8
2268,641.55,13.86,16.15
2269,815.47,20.07,21.57
2270,642.57,13.76,17.74
2271,503.65,12.95,13.49
2272,505.01,11.15,12.06
2273,817.1,19.06,21.88
2274,489.45,10.64,9.97
2275,641.53,13.01,15.83
2276,497.67,11.64,12.18
2277,653.18,16.52,20.04
2278,508.84,12.48,12.53
2279,508.04,11.05,8.84
2280,497.53,11.74,10.75
2281,801.8,19.68,17.23
2282,656.56,15.5,15.95
2283,807.84,18.83,18.36
2284,788.25,17.85,17.75
2285,654.6,14.93,15.4
2286,790.65,17.57,18.48
2287,813.52,17.46,15.4
2288,805.92,18,19.44
2289,652.3,14.68,15.5
2290,509.26,11.57,9.26
2291,645.87,16.92,18.11
2292,499.96,13.12,11.26
2293,634.66,15.61,17.57
2294,492.11,11.36,10.87
2295,503.97,11.89,11.55
2296,791.48,16.76,16.86
2297,777.67,17.41,18.45
2298,513.59,12.55,14.65
2299,661.63,17.37,18.42
2300,503.44,11.44,10.84
2301,490.08,9.58,9.29
2302,485.33,10.88,10.74
2303,775.2,15.62,14.83
2304,640.11,13.86,12.72
2305,652.03,14,14.44
2306,662.47,16.18,17.67
2307,786.39,17.48,20.77
2308,646.29,13.18,14.93
2309,807.52,17.36,17.61
2310,496.68,10.78,10.29
2311,635.92,12.98,13.9
2312,648.62,13.95,13.32
2313,643.51,15.02,15.16
2314,806.23,18.18,20.75
2315,671.31,15.48,16.05
2316,659.27,14.95,14.13
2317,676.82,17.36,16.99
2318,658.12,16.01,17.23
2319,486.47,12.66,11.61
2320,656.83,16.84,17.11
2321,793.1,17.78,19.78
2322,785.87,18.65,23.68
2323,640.88,13.95,15.71
2324,654.47,14.21,15.02
2325,812.3,18.61,19.15
2326,640.95,14.26,13.63
2327,493.09,11.8,10.67
2328,816.94,19.41,19.67
2329,804.98,19.48,22.34
2330,801.97,16.31,17.17
2331,657.26,14.87,15.69
2332,815.69,18.57,20.92
2333,653.73,15.66,17.42
2334,785.51,15.52,14.66
2335,651.08,15.66,17.24
2336,809.03,18.84,19.51
2337,489.19,11.95,11.81
2338,502.02,12.56,14.22
2339,791.52,18.51,19.16
2340,640.78,13.52,15.54
2341,800.23,16.93,19.4
2342,781.27,17.42,23.04
2343,786.35,17.81,17.71
2344,798.02,18.19,22
2345,816.92,19.58,18.58
2346,497.23,12.11,13.76
2347,644,14.66,17.51
2348,499.62,12.84,12.37
2349,665.2,17.51,19.16
2350,646.93,13.05,14.62
2351,792.27,18.32,19.13
2352,815.97,19.06,20.8
2353,804.21,19.28,21.38
2354,628.06,12.87,12.74
2355,640.52,14.62,17.44
2356,645.18,16.12,17.95
2357,502.82,11.96,11.65
2358,816.38,19.04,21.41
2359,510.03,12.19,13.08
2360,489.66,13.1,13.01
2361,801.95,17.7,15
2362,809.08,18.73,17.78
2363,816.25,18.37,18.41
2364,489.76,9.29,9.34
2365,794.16,17.44,20.37
2366,822.35,18.47,16.86
2367,507.06,13.16,12.06
2368,668.72,18.27,17.48
2369,647.91,14.25,15.97
2370,496.42,11.76,11.91
2371,651.55,15.08,15.96
2372,630,13.18,15.65
2373,492,11.6,12.75
2374,658.13,16.24,18.37
2375,646.88,14.32,14.21
2376,806.07,17.38,18.69
2377,633.63,13.72,14.27
2378,653.52,14.16,15.25
2379,795.84,19.55,21.05
2380,770,13.8,13.89
2381,789.64,17.06,22.61
2382,492.27,11.77,11.94
2383,506.74,12.46,11.98
2384,794.29,19.14,20.58
2385,485.8,10.75,10.23
2386,811.62,19.67,18.75
2387,810.79,18.52,21.8
2388,508.42,15.39,16.43
2389,652.7,13.75,12.64
2390,655.21,15.51,16.46
2391,797.16,16.77,19.33
2392,795.75,20.83,23.1
2393,652.77,15.92,14.05
2394,492.5,10.15,9.89
2395,640.7,12.9,15.45
2396,640.38,13.64,18.02
2397,487.11,12.27,11.31
2398,796.08,17.99,21.03
2399,790.61,17.71,17.59
2400,495.53,12.21,13.66
2401,645.03,12.94,13.45
2402,815.26,21.01,22.78
2403,660.17,15.71,15.93
2404,657.1,13.55,13.2
2405,811.24,20.85,22.56
2406,652.36,15.66,14.62
2407,796.92,15.77,15.45
2408,814.8,19.48,22.02
2409,791.36,19.09,24.39
2410,510.1,12.87,13.78
2411,765.48,13.84,15.61
2412,671.57,16.67,17.34
2413,490.63,10.5,10.72
2414,634.82,12.19,11.86
2415,509.9,12.42,13.49
2416,498.55,12.82,13.71
2417,796.28,20.02,21.09
2418,788.01,16.46,15.45
2419,490.45,13.49,14.51
2420,797.31,17.27,16.18
2421,498.31,12.03,12.26
2422,799.79,17.09,17.82
2423,804.19,16.88,18.24
2424,773.33,16.53,16.69
2425,497.73,11.77,8.87
2426,773.12,15.99,16.53
2427,650.41,15.79,18.74
2428,657.38,13.31,13.3
2429,818.13,18.04,18.26
2430,511.22,13.71,12.63
2431,790.15,16.83,17.08
2432,504.69,8.68,10.48
2433,495.98,12.95,12.1
2434,668.97,17.65,20.03
2435,510.87,12.41,12.71
2436,796.39,15.07,16.85
2437,818.02,18.48,20.91
2438,646.62,15.86,17.34
2439,642.72,14.62,14.49
2440,661.16,16.34,17.83
2441,803.9,17.53,17.93
2442,793.98,16.36,17.76
2443,661.81,16.99,18.86
2444,795.47,16.42,16.82
2445,482.98,10.31,11.68
2446,522.6,14.33,14.98
2447,659.34,13.92,14.24
2448,796.04,16.87,17.32
2449,775.32,16.38,16.82
2450,500.74,10.43,10.28
2451,799.39,17.59,17.16
2452,814.26,21.21,24.4
2453,803.82,17.96,19.39
2454,649.59,14.83,14.85
2455,494.89,11.38,11.38
2456,790.01,17.56,19.76
2457,495.3,12.52,11.69
2458,658.92,16.36,18.14
2459,509.43,12.65,12.48
2460,511.91,12.51,13.12
2461,802.17,17.58,17.39
2462,783.11,15.91,17.2
2463,649.47,14.91,14.17
2464,651.24,15.55,18.31
2465,802.5,17.79,15.37
2466,520.94,13.63,13.41
2467,788.86,16.63,15.4
2468,816.11,22.18,22.91
2469,808.17,17.67,18.95
2470,509.06,11.73,11.22
2471,637.93,12.88,13.15
2472,517.8,13.65,15.23
2473,642.95,15.95,16.66
2474,792.8,16.97,18.52
2475,641.76,14.83,11.92
2476,494.3,11.05,10.15
2477,640.64,14.44,15.86
2478,790.74,18.59,16.22
2479,486.89,11.97,11.03
2480,518.1,14.89,15.34
2481,795.01,16.34,19.08
2482,773.72,17.83,20.66
2483,816.46,16.7,15.1
2484,669.28,16.05,16.3
2485,504.31,11.28,10.57
2486,643.89,15.04,17.29
2487,808.35,19.92,16.46
2488,648.87,15.67,14.03
2489,792.3,16.84,19.06
2490,789.61,15.49,15.91
2491,636.81,14.1,13.12
2492,683.86,19.23,19.87
2493,488.91,12.05,12.66
2494,514.36,14.64,13.66
2495,797.53,18.76,20.36
2496,813.21,20.34,19.28
2497,823.59,21.01,21.71
2498,502.62,13.51,15.34
2499,645.89,13.51,13.2
2500,796.24,20.14,20.66
2501,655.35,16.62,17.85
2502,790.14,17.11,15.32
2503,794.14,18.97,18.9
2504,481.92,10.57,11.02
2505,792.45,15.44,16.25
2506,496.51,11.36,10.99
2507,781.13,18.33,18.6
2508,811.74,19.85,21.71
2509,645.13,15.08,18.91
2510,764.55,16.53,16.46
2511,636.34,13.23,15.78
2512,815.96,18.61,18.63
2513,665.35,14.62,16.68
2514,813.9,18.19,20.05
2515,802.57,18.29,19.39
2516,636.79,13.88,13.6
2517,651.98,14.95,16.82
2518,657.9,14.88,15.43
2519,480.13,10.08,9.49
2520,783.46,16.92,15.05
2521,504.92,12.19,12.17
2522,799.15,20.86,21.08
2523,796.13,18.35,21.59
2524,657.82,14.07,18.07
2525,651.37,14.87,15.54
2526,490.22,9.47,9.53
2527,791.34,18.15,19.11
2528,637.49,14.5,13.06
2529,482.7,11.03,9.11
2530,509.74,11.42,11.78
2531,673.95,14.89,14.86
2532,494.83,10.64,10.66
2533,791.43,17.73,19.26
2534,805.89,18.82,19.25
2535,782.87,18.09,17.82
2536,654.2,17.27,16.41
2537,790.13,17.01,18.3
2538,497.71,11.86,12.44
2539,656.34,13.86,16.09
2540,641.41,13.5,12.98
2541,803.24,18.27,20.56
2542,643.18,14.72,15.77
2543,642.18,14.58,14.86
2544,786.66,15.59,16.37
2545,811.06,18.8,19.71
2546,809.48,19.59,24
2547,798.73,19.5,16.36
2548,800.28,18.33,18.07
2549,500.13,12.94,13.54
2550,519.7,14.7,14.36
2551,492.5,10.5,9.81
2552,490.46,10.66,11.54
2553,498.69,11.73,11.33
2554,792.07,17.9,16.64
2555,655.64,16.43,16.78
2556,519.84,13.97,14.37
2557,647.06,17.1,16.34
2558,803.8,19.02,16.66
2559,797.63,14.86,13.82
2560,804.55,18.67,21.15
2561,484.12,8.8,10.14
2562,494.09,10.96,9.47
2563,809.63,17.82,18.99
2564,489.5,10.03,9.16
2565,821.56,19.45,18.14
2566,497.43,11.91,11.71
2567,653.72,15.39,18.14
2568,507.39,13.48,13.78
2569,796.71,18.26,18.3
2570,496.07,11.34,12.02
2571,508.22,11.72,11.57
2572,640.19,14.62,17.07
2573,768.92,16.75,16.84
2574,801.32,19.06,20.12
2575,789.6,17.22,15.93
2576,491.31,10.64,10.38
2577,500.28,13.34,14.45
2578,651.96,15.01,17.68
2579,492.03,10.48,11.27
2580,791.95,19.03,21.62
2581,807.67,16.89,18.14
2582,821.65,19.76,18.2
2583,641.72,12.92,15.83
2584,794.82,16.75,15.33
2585,813.02,17.77,18.06
2586,490.22,10.28,10.11
2587,809.97,17.09,19.89
2588,658.7,16.94,18.43
2589,651.66,15.19,18.1
2590,502.95,11.47,10.15
2591,628.22,13.33,13.3
2592,801.85,17.76,16.73
2593,799.3,20.65,21.58
2594,786.74,17.4,21.59
2595,786.12,17.64,18.6
2596,646.66,14.88,13.07
2597,654.69,16.73,17.71
2598,803.24,16.81,20.4
2599,793.04,17.23,17.66
2600,646.67,16.2,14.82
2601,660.11,15.67,15.41
2602,798.01,17.81,19.45
2603,655.99,16.77,18.13
2604,631.8,13.47,14.75
2605,805.05,17.54,18.3
2606,497.31,11.02,9.61
2607,500.19,10.74,11.37
2608,504.92,10.7,10.51
2609,798,17.81,17.94
2610,505.48,12.51,11.31
2611,804.75,17.44,15.3
2612,487.38,10.86,12.78
2613,652.13,14.24,15.72
2614,801.72,18.88,22.71
2615,498.84,11.99,12.14
2616,786.16,17.69,20.39
2617,652.29,17.25,16.64
2618,478.48,10.2,9.45
2619,490.7,11.79,11.39
2620,492.7,12.39,12.38
2621,485.41,11.72,13.26
2622,807.44,18.69,18.74
2623,792.06,18.31,20.5
2624,800.24,20.21,22.34
2625,654.96,13.53,13.47
2626,645.07,14.24,15.64
2627,795.21,17.38,19.88
2628,633.57,14.64,17.8
2629,655.93,16.05,17.62
2630,658.99,16.55,18.41
2631,793.23,18.74,20.5
2632,668.48,13.74,14.83
2633,642.77,13.9,14.56
2634,654.21,16.14,19.1
2635,638.62,13.02,14.84
2636,658.56,15.26,18.19
2637,650.73,16.6,17.24
2638,797.92,20.31,22.72
2639,657.67,15.41,16.39
2640,789.82,17.93,18.26
2641,513.93,14.92,14.44
2642,791.39,16.29,19.79
2643,819.38,18.16,19.87
2644,513.23,13.6,12.41
2645,645.05,14.18,17.54
2646,657.31,14.85,14.62
2647,799.09,16.2,17.93
2648,804.3,18.37,18.25
2649,781.1,17.08,20.37
2650,799.76,19.55,20.34
2651,808.63,19.35,20.54
2652,801.97,17.42,19.08
2653,491.54,10.98,10.4
2654,497.46,13.45,13.87
2655,786.22,17.2,16.1
2656,668.66,15.17,16.61
2657,665.73,17.72,17.94
2658,784.82,15.45,16.9
2659,825.79,20.84,22.88
2660,496,11.91,10.02
2661,799.64,17.6,18.71
2662,794.26,18.01,16.88
2663,645.08,15.07,16.44
2664,651.47,14.13,15.66
2665,792.55,17.09,18.9
2666,502.66,12.67,13.5
2667,664,16.13,16.87
2668,788.94,18.09,18.97
2669,654.48,15.33,18.49
2670,803.57,18.34,18.72
2671,661.82,16.56,15.35
2672,486.73,8.71,6.2
2673,803.86,16.77,16.93
2674,502.89,10.74,10.09
2675,670.96,15.9,15.16
2676,654.47,14.86,17.46
2677,670.21,15.65,16.53
2678,824.19,20.72,24.43
2679,639.76,15.85,16.81
2680,511.49,13.97,14.3
2681,495.34,10.96,8.74
2682,800.03,19.57,21.06
2683,492.73,10.42,9.02
2684,660.01,17.27,16.5
2685,648.26,14.07,15.52
2686,492.01,12.19,9.75
2687,805.81,19.23,21.72
2688,659.2,14.83,15.34
2689,637.57,13.43,16.28
2690,643.26,12.71,13.86
2691,636.65,12.67,13.98
2692,819.75,19.25,21.53
2693,793.24,17.41,19.55
2694,659.85,16.46,19.01
2695,663.61,15.6,17.45
2696,497.55,10.43,8.98
2697,805.74,18.03,17.51
2698,487.52,10.48,10.56
2699,811.11,19.02,17.8
2700,647.43,13.05,15.8
2701,505.36,11,11.54
2702,492.78,12.29,12.41
2703,659.73,16.28,16.55
2704,657.29,15.72,17.53
2705,788.49,16.2,16.71
2706,501.96,12.4,11.65
2707,671.17,15.59,16.87
2708,637.35,15.31,17.08
2709,822,20.16,20.23
2710,811.58,17.2,18.99
2711,810.31,18.98,19.89
2712,790.59,16.96,18.31
2713,493.3,11.12,10.59
2714,648.81,15.08,16.89
2715,649.67,15.74,16.28
2716,811.69,20.31,19.99
2717,646.31,16.12,17.03
2718,828.77,21.64,20.82
2719,808.57,18.29,17.07
2720,812.29,19.09,21.05
2721,814.99,18.29,16.95
2722,795.53,17.31,18.71
2723,497.36,9.8,10.3
2724,496.55,12.83,12.51
2725,646.44,14.93,15.71
2726,820.09,19.06,20.05
2727,819.2,17.35,17.79
2728,653.38,14.12,14.97
2729,807.24,18.39,19.71
2730,790.77,17.68,17.2
2731,487.9,9.68,10.3
2732,493.07,10.87,11.23
2733,507.7,10.93,11.1
2734,663.15,17.33,16.49
2735,661.34,15.22,15.94
2736,800.67,19.41,17.75
2737,503.65,12.37,12.28
2738,647.11,13.38,14.67
2739,798.27,17.67,20.07
2740,500.43,10.98,10.52
2741,661.33,17.79,18.16
2742,659.39,15.64,18.13
2743,659.52,14.43,14.21
2744,654.14,14.25,14.07
2745,624.03,12.16,13.76
2746,651.65,15.74,16.47
2747,654.91,15.97,15.68
2748,500.91,13.32,14.31
2749,631.86,11.81,12.74
2750,812.25,18.92,19.57
2751,615.78,13.68,13.35
2752,779.08,15.99,21.18
2753,653.86,16.01,15.55
2754,654.1,15.49,17.74
2755,647.92,14.73,18.21
2756,645.21,14.06,18.74
2757,788.87,16.52,17.1
2758,799.38,18.72,20.53
2759,495.45,11.04,11.65
2760,500.08,13.01,15.08
2761,659.19,15.08,13.9
2762,501.53,11.32,10.52
2763,633.4,14.59,15.42
2764,799.94,17.67,19.37
2765,648.15,15.51,19.47
2766,508.19,14,15.17
2767,782.64,17.26,18.13
2768,652.05,14.45,14.62
2769,817.52,19.96,21.77
2770,638.75,14.63,16.54
2771,513.12,13.86,13.3
2772,811.48,19.33,19.85
2773,623.68,11.39,11.34
2774,782.3,18.13,15.73
2775,807.47,18.71,20.49
2776,507.73,13.98,14.18
2777,663.15,17.07,19.9
2778,646.01,14.58,15.64
2779,812.92,17.5,17.89
2780,641.02,14.41,14.8
2781,653.57,16.31,17.61
2782,814.69,19.15,23.01
2783,632.24,13.79,12.84
2784,654.4,15.4,16.71
2785,800.59,18.63,21.15
2786,622.92,12.71,15.04
2787,651.93,16.34,17.31
2788,489.75,10.77,13.54
2789,656.64,17.3,17.52
2790,782.01,16.88,16.91
2791,808.12,18.94,16.79
2792,807.33,16.78,17.64
2793,801.58,16.75,16.77
2794,524.47,13.91,14.42
2795,821.32,19.01,21.95
2796,642.77,16.56,18.5
2797,664.02,14.38,15.33
2798,505.02,12.47,11.17
2799,655.95,16.3,18.14
2800,792.63,16.53,17.03
2801,794.07,17.25,18.99
2802,657.45,15.43,14.9
2803,799.87,17.84,16.99
2804,812.55,18.85,18.08
2805,663.21,16.73,19.14
2806,661.49,14.11,15.89
2807,776.57,14.89,20.7
2808,811.2,19.97,20.69
2809,792.32,17.46,18.96
2810,503.3,11.29,11.39
2811,650.98,14.55,15.16
2812,633.6,13.4,13.88
2813,804.6,18.66,22.25
2814,658.28,14.82,16.48
2815,648.48,15.39,16.9
2816,652.16,16.34,19.77
2817,505.22,12.29,12.27
2818,649.32,17.18,17.74
2819,815.98,19.28,17.67
2820,802.66,19.86,20.3
2821,785.05,15.09,15.87
2822,499.87,11.36,9.45
2823,504.55,11.96,14.16
2824,646.67,14.72,15.72
2825,493.53,12.47,12.28
2826,493.43,11.25,9.97
2827,494.52,10.2,11.09
2828,789.07,15.43,16.27
2829,792.02,17.02,18.08
2830,814.83,19.22,18.03
2831,815.8,19.61,20.73
2832,644.17,13.56,12.58
2833,645.57,13.19,13
2834,493.36,10.81,11.29
2835,824.65,19.18,20.3
2836,647.91,16.4,16.01
2837,812.9,18.91,19.07
2838,797.22,18.51,20.59
2839,499.49,11.87,10.99
2840,505.88,13.37,12.51
2841,502.65,12.08,12.13
2842,810.98,17.92,19.42
2843,800.09,20.58,19.36
2844,499.96,12.18,12.98
2845,627,10.83,12.77
2846,506.18,13.1,13.7
2847,482.02,9.29,10.56
2848,799.17,16.9,16.41
2849,797.76,17.88,20.46
2850,672.42,15.85,18.42
2851,789.25,18.8,20.53
2852,813.42,18.98,16.12
2853,797.66,16.74,16.93
2854,488.22,9.52,9.39
2855,771.81,15.7,16.9
2856,793.45,19.27,19.54
2857,505.1,12.46,13.14
2858,792.45,15.91,14.69
2859,810.4,17.08,18.4
2860,499.82,11.88,12.06
2861,797.56,19.37,21.34
2862,640.59,15.06,16.38
2863,503.03,10.47,11.34
2864,491.76,11.74,8.89
2865,638.42,14.69,15.78
2866,661.67,17.18,19.04
2867,668.1,17.31,20.97
2868,636.56,14.56,15.43
2869,801.48,18.87,20.44
2870,648.26,14.51,14.58
2871,637,13.67,15.33
2872,500.09,13.03,14.77
2873,488.98,11.66,11.85
2874,812.3,19.33,21.77
2875,506.98,12.39,13.24
2876,785.47,16.57,20.07
2877,641.56,14.78,18
2878,497.13,12.69,14.8
2879,682.34,18.3,16.71
2880,660.23,15.81,15.29
2881,656.64,15.8,17.37
2882,501.01,13.45,13.59
2883,820.28,18.82,21.35
2884,797.57,19.09,19.86
2885,799.44,18.74,19.69
2886,782.58,16.5,17.89
2887,795.25,16.35,17.29
2888,502.39,12.95,11.68
2889,792.27,17.5,17.17
2890,500.37,11.77,11.29
2891,643.32,13.79,15.04
2892,785.93,17.7,17.41
2893,809.53,19.4,20.65
2894,801.97,18.26,18.82
2895,673.67,16.25,18.19
2896,646.16,14.62,16
2897,781.84,18.16,19.79
2898,787.01,16.76,19.72
2899,503.56,11.72,11.98
2900,664.02,16.68,16.73
2901,517.9,13.96,14.34
2902,662.72,16.23,18.5
2903,496,10.65,9.28
2904,798.05,18.45,16.99
2905,808.89,17.95,16.72
2906,502.43,13.21,12.01
2907,649.07,16.2,15.29
2908,638.5,13.46,13.39
2909,807.55,19.11,19.1
2910,655.68,16,15.71
2911,793.51,17.55,20.56
2912,795.99,18.29,21.39
2913,492.15,10.18,9.99
2914,665.52,16.28,15.26
2915,794.71,16.55,19.87
2916,501.7,13.84,13.52
2917,793.47,17.75,18.17
2918,650.14,15.34,16.67
2919,503.98,12.15,11.3
2920,779.16,15.67,17.89
2921,679.24,16.14,17.87
2922,794.4,19.21,20.88
2923,811.66,18.78,18.44
2924,817.4,20.97,25.21
2925,492.03,11.6,11.74
2926,503.27,13.99,14.85
2927,786.98,18.61,19.64
2928,806.04,16.32,16.37
2929,490.17,10.74,10.7
2930,801.41,17.69,17.41
2931,812.19,18.07,19.73
2932,782.69,17.72,18.12
2933,514.53,11.68,10.59
2934,627.93,13.54,13.08
2935,793.48,18.58,18.73
2936,627.5,11.63,13.25
2937,786.07,15.98,19.01
2938,503.89,11.75,10.65
2939,637.65,13.29,12.79
2940,801.4,17.82,17.5
2941,496.24,10.93,11.19
2942,666.51,18.51,18.4
2943,796.8,16.3,15.89
2944,797.42,16.65,16.44
2945,792.11,18.66,19.37
2946,803.35,20.71,21.38
2947,491.34,10.67,13.48
2948,651.59,16.26,15.89
2949,506.01,13.28,13.09
2950,805.85,17.48,20.56
2951,646.58,16.51,17.92
2952,656.41,15.2,15.1
2953,645.47,14.14,15.22
2954,493.87,11.19,11.06
2955,515.78,14.11,13.8
2956,495.25,10.96,9.27
2957,797.68,17.88,20.15
2958,790.33,16.64,15.02
2959,504.46,12.59,11.5
2960,802.56,18.87,20.83
2961,798.4,19.55,20.63
2962,676.67,15.89,17.9
2963,503.82,12.01,11.86
2964,794.37,16.85,19.89
2965,647.77,14.16,13.98
2966,649.58,12.94,14.66
2967,657.66,17.32,14.88
2968,506.01,11.61,10.44
2969,803.25,17.82,21.88
2970,509.62,13.35,13.13
2971,787.56,20,23.43
2972,511.91,13.58,14.37
2973,634.96,12,13.11
2974,801.58,19.03,18.53
2975,786.51,18,16.5
2976,811.17,19.68,20.98
2977,643.5,13.46,12.45
2978,508.76,13.21,12.35
2979,787.56,18.15,21.29
2980,786.62,16.54,13.78
2981,794.99,17.39,19.2
2982,808.56,19.29,21.45
2983,519.78,13.78,14.66
2984,473.57,10.61,8.77
2985,803.99,19.52,21.72
2986,644.45,14.54,15.56
2987,822.53,21.49,21.22
2988,502.26,11.86,12.4
2989,494.56,11.07,10.32
2990,488.58,11.72,12.64
2991,494.8,9.72,9.96
2992,525.95,13.74,13.33
2993,507.31,11.43,11.53
2994,804.66,18.56,19.91
2995,484.23,12.64,12.07
2996,653.18,15.37,15.57
2997,492.42,10.96,13.09
2998,511.7,14.56,14.01
2999,799.06,18.25,18.94
3000,813.47,18.22,18.6
3001,499.19,11.8,13.07
3002,654.62,14.37,15.87
3003,501.61,10.58,11.16
3004,649.12,16.85,18.33
3005,498.99,11.14,11.28
3006,500.76,12.14,12.02
3007,496.66,11.69,10.88
3008,653.16,13.66,13.41
3009,502.91,13.06,13.97
3010,805.59,17.04,18.49
3011,655.75,14.2,14.53
3012,821.06,21.22,20.98
3013,810.12,18.44,20.28
3014,662.61,16.71,17.57
3015,515.7,13.35,12.48
3016,800.34,15.26,19.54
3017,796.18,16.3,15.26
3018,817.56,18.35,19.39
3019,651.81,13.81,14.29
3020,485.14,11.31,11
3021,500.07,10.06,9.41
3022,509.47,13.53,11.68
3023,653.1,13.48,13.16
3024,641.25,13.95,15.79
3025,664.16,17.5,17.18
3026,498.32,12.43,13.75
3027,641.76,15.75,14.48
3028,518.42,14.69,14.17
3029,810.18,17.55,18.06
3030,653.63,15.72,13.67
3031,510.35,11.72,12.38
3032,488.82,9.79,11.45
3033,804.91,16.53,17.91
3034,809.21,18.81,22.25
3035,798.79,17.6,18.47
3036,764.09,15.44,18.06
3037,643.93,14.18,15.24
3038,799.57,19.88,22.92
3039,668.68,16.46,20.22
3040,783.19,18.83,19.38
3041,503.51,14.05,12.46
3042,795.49,16.45,20.11
3043,818.26,18.57,20.36
3044,503.68,13.53,13.93
3045,484.46,9.64,9.07
3046,658.04,16.7,16
3047,654.11,13.79,14.1
3048,782.3,17.23,16.54
3049,810.56,18.36,18.59
3050,819.3,19.85,19.2
3051,794.78,19.46,20.41
3052,503.27,13.61,11.8
3053,487.24,11.23,12.45
3054,786.67,14.97,14.03
3055,637.64,14.06,15.29
3056,648.98,16.25,18.4
3057,501.88,13.21,13.37
3058,653.15,16.11,18.73
3059,488.2,9.67,10.08
3060,810.72,17.83,20.61
3061,493.22,12.2,11.35
3062,800.13,19.07,18.4
3063,654.81,16.06,16.89
3064,791.85,14.62,15.61
3065,815.74,17.6,19.48
3066,802.61,19.15,19.58
3067,653.09,15.65,16.32
3068,808.87,18.19,18.41
3069,500.23,11.35,12.31
3070,503.21,13.21,12.48
3071,498.83,12.89,12.41
3072,649.59,14.29,12.36
3073,643.62,14.06,16.63
3074,649.74,15.15,14.93
3075,802.48,19.18,24.59
3076,496.99,12.83,12.64
3077,803.36,18.34,15.9
3078,494.42,10.68,10.31
3079,643.16,14.03,14.8
3080,775.64,16.75,18.33
3081,813.6,19.52,17.61
3082,798.36,17.71,18.95
3083,781.66,19.07,21.31
3084,501.98,12.18,11.87
3085,655.59,15.86,17.35
3086,644.72,13.38,15.04
3087,778.84,19.18,22.55
3088,656.8,13.74,13.79
3089,827.73,20.59,24.11
3090,508.83,14.93,15.89
3091,666.68,17.06,16.44
3092,793.47,16.78,16.45
3093,809.86,17.16,18.16
3094,655.73,14.13,15.77
3095,804.64,17.4,17.11
3096,648.6,13.93,14.81
3097,622.87,12.97,15.5
3098,627.07,13.37,13.12
3099,794.09,17.63,18.04
3100,803.56,16.93,18.52
3101,507.04,12.03,12.11
3102,664.1,19.22,18.6
3103,813.07,17.8,17.46
3104,800.59,17.81,21.19
3105,809.05,20.71,19.52
3106,811.26,16.96,14.23
3107,810.8,18.8,21.05
3108,802.77,19.62,22.6
3109,641.69,14.06,15.17
3110,804.01,18.54,19.72
3111,633.2,13.86,15.5
3112,782.27,17.04,21.49
3113,488.75,12.11,13.72
3114,649.95,13.02,15.76
3115,775.34,18.1,18.27
3116,808.99,20.28,21.55
3117,798.91,18.22,17.02
3118,801.25,16.7,17.41
3119,797.6,17.16,15.7
3120,683.06,16.87,18.1
3121,805.58,17.94,19.32
3122,497.94,13.09,12.49
3123,809.86,20.39,20.48
3124,829.4,19.16,20.9
3125,791.02,17.58,16.92
3126,482.85,10.43,11.32
3127,495.2,11.73,10.38
3128,818.24,18.68,17.74
3129,643.21,12.87,13.4
3130,638.16,15.96,18.84
3131,511,13.64,12.81
3132,650.05,15.13,17.42
3133,818.28,19.16,19.36
3134,787.66,18.56,19.19
3135,504.22,14.33,15.34
3136,665.87,15.52,18
3137,789.39,17.75,20.36
3138,503.26,12.1,11.19
3139,637.83,14.81,15.56
3140,499.73,12.38,11.76
3141,804.52,18.91,18.7
3142,503.49,12.51,12.64
3143,802.57,19,20.81
3144,805.39,17.14,16.05
3145,650.38,12.65,14.93
3146,639.33,14.01,16.53
3147,660.25,15.3,16.97
3148,483.02,12.15,10.76
3149,628.01,12.42,14.01
3150,487.09,12.22,11.32
3151,639.16,15.97,16.36
3152,494.9,10.03,9.62
3153,804.6,18.05,18.77
3154,648.15,13.97,15.18
3155,650.08,15.07,12.55
3156,811.17,18.6,19.86
3157,795.38,17.96,19.18
3158,792.9,15.73,18
3159,817.24,19.5,21.03
3160,514.44,14.21,15.01
3161,793.54,17.81,23.85
3162,638.31,14.72,15.71
3163,637.74,13.02,13.8
3164,665,15.7,18.53
3165,645.67,13.14,14.43
3166,805.84,19.08,18.09
3167,803,16.66,18.35
3168,651.92,13.77,15.1
3169,502.17,10.45,11.31
3170,485.92,11.06,10.5
3171,807.46,17.76,21.7
3172,656.31,12.98,13.27
3173,483.3,11.07,12.4
3174,493.58,11.84,10.39
3175,502.3,12.41,13.92
3176,484.1,9.8,9.85
3177,784.81,16.08,16.98
3178,782.96,17.4,19.41
3179,800.16,18.32,20.04
3180,501.55,11.71,14.2
3181,794.96,15.56,17.39
3182,651.46,16.74,15.8
3183,782.62,16.13,19.25
3184,802.75,19.49,18.19
3185,652.18,16.03,16.25
3186,506.76,13.48,15.19
3187,795.67,17.61,21.33
3188,652.48,15.77,16.8
3189,792.18,16.46,17.41
3190,656.28,17,20.34
3191,776,16.92,17.1
3192,650.61,14.43,16.29
3193,494.32,12.69,10.28
3194,810.65,18.29,17.55
3195,646.56,15.29,17.33
3196,634.94,13.38,16.09
3197,811.36,21.26,20.36
3198,795.93,17.74,19.55
3199,799.37,17.14,20.21
3200,785.07,18.05,20.92
3201,489.89,9.58,11.08
3202,647.68,17.21,16.35
3203,516.01,12.87,11.61
3204,495.79,11.51,12.2
3205,509.35,13.72,11.99
3206,496.16,13.47,12.37
3207,631.62,11.08,11.19
3208,641.8,14.54,16.76
3209,654.23,14.25,16.28
3210,631.7,14.01,16.21
3211,661.03,16.6,17.85
3212,494.12,11.57,10.8
3213,646.28,14.19,13.42
3214,817.54,20,22.12
3215,784.74,19.69,21.73
3216,790.83,16.72,17.99
3217,668.01,15.59,16.38
3218,656.77,15.24,17.91
3219,795.16,16.02,13.44
3220,663.39,16.6,16.48
3221,494.72,12.16,10.29
3222,485.46,10.99,9.46
3223,789.91,13.65,12.9
3224,799.03,16.9,15.87
3225,792.77,18.12,17.32
3226,803.68,18.93,18.95
3227,490.08,11.88,12.1
3228,499.06,10.85,13.13
3229,805.66,20.94,21.29
3230,811.85,18.69,21.9
3231,805.79,18.7,16.61
3232,797.74,17.48,14.45
3233,669.18,15.8,17.74
3234,646.72,15.24,13.48
3235,638.78,13.68,15.54
3236,789.15,15.34,15.12
3237,502.34,13.26,14.4
3238,501.74,11.49,9.82
3239,790.8,18.34,20.08
3240,482.44,11.23,11.61
3241,769.11,15.25,17.84
3242,502.79,12.04,12.75
3243,784.61,18.51,21.37
3244,508.37,14.03,13.45
3245,658.48,14.54,14.34
3246,487.07,10.43,9.26
3247,809.85,18.31,18.22
3248,791.3,18.37,17.97
3249,508.6,11.6,12.95
3250,638.17,15.38,16.39
3251,656.24,14.23,14.45
3252,810.1,19.11,22.19
3253,642.66,11.11,12.32
3254,507.53,12.48,12.5
3255,789.88,16.43,17.23
3256,502,9.95,10.87
3257,797.81,17.35,20.92
3258,793.31,16.64,17.07
3259,503.73,11.66,11.55
3260,791.43,18.58,20.21
3261,501.12,14.26,15.02
3262,795.74,17.59,18.53
3263,797.68,16.57,19.88
3264,643.94,17.59,17.6
3265,634.88,13.5,15.08
3266,801.87,18.96,23.26
3267,640.68,13.68,15.23
3268,633.62,15.53,16.4
3269,651.49,14.06,14.85
3270,793.13,16.31,15.53
3271,643.81,13.43,16.24
3272,817.96,19.02,23.61
3273,658,14.69,16.96
3274,784.07,15.18,14.44
3275,651.88,14.78,11.43
3276,513.92,12.39,10.43
3277,641.95,12.95,14.49
3278,794.32,17.38,21.01
3279,497.53,12.21,12.42
3280,638.08,13.53,14.29
3281,674.77,15.64,13.94
3282,657.96,16.64,16.68
3283,510,12.91,11.64
3284,491.95,12,11.95
3285,509.2,12.85,13.63
3286,810.97,17.97,18.39
3287,789.93,15.73,16.22
3288,517.67,13.54,12.02
3289,653.63,16.99,18.61
3290,490.38,10.36,9.96
3291,652.07,14.69,15.85
3292,640.59,13.71,16.63
3293,640.33,14.37,14.7
3294,824.97,18.26,19.48
3295,789.12,17.39,17.63
3296,813.57,20.67,20.51
3297,649.73,13.87,15.92
3298,498.59,12.1,11.45
3299,485.47,10,10.79
3300,506.6,11.29,12.94
3301,794.55,18.75,17.76
3302,813.28,16.05,16.93
3303,798.53,17.71,19.49
3304,642.39,15.62,17.86
3305,476.24,9.36,9.74
3306,633.99,14.48,17.33
3307,659.97,15.49,15.47
3308,654.77,16.29,17.21
3309,805.3,17.99,22.64
3310,800.24,18.28,19.35
3311,495.06,10.56,9.43
3312,633.43,14.34,14.94
3313,501.68,12.66,13.6
3314,490.26,10.5,10.79
3315,498.88,11.29,12.07
3316,641.87,13.41,14.75
3317,654.31,16.05,16.61
3318,784.9,17.7,18.79
3319,653.28,15.78,16.91
3320,629.56,12.22,14.25
3321,514.29,13.18,12.43
3322,806.93,18.33,19
3323,501.81,11.67,11.51
3324,640.48,15.37,13.99
3325,495.71,10.79,8.84
3326,784.29,17.38,17.97
3327,514.88,13.84,14.98
3328,666.53,17.03,18.46
3329,811.11,21.09,23.77
3330,818.26,18.62,20.69
3331,634.55,14.68,16.98
3332,803.65,17.73,20.94
3333,500.17,10.21,9.06
3334,815.33,19.5,19.86
3335,517.8,14.69,15.37
3336,659.62,15.46,15.68
3337,659.29,16.57,17.28
3338,808.57,18.83,21.29
3339,660.03,15.62,16.86
3340,786.38,15.9,18.64
3341,802.33,17.9,18.52
3342,654.56,17.39,20.39
3343,791.8,17.69,18.13
3344,783.18,16.65,16.81
3345,646.92,16.19,15.6
3346,644.43,15.19,14.29
3347,806.38,16.43,18.22
3348,642.42,14.11,16.14
3349,660.52,15.77,14.99
3350,480.13,10.14,11.07
3351,810.1,19.54,19.43
3352,638.57,13.74,15.14
3353,655.72,15.71,18.06
3354,650.04,14.43,17.34
3355,800.97,19.92,18.07
3356,801.3,19.18,19.73
3357,624.94,15.51,15.58
3358,808.92,17.26,19.51
3359,499.74,10.93,9.9
3360,781.39,16.55,15.2
3361,638.93,14.02,15.22
3362,828.31,17.71,18.72
3363,635.86,13.45,14.48
3364,503.39,12.75,13.38
3365,666.25,15.91,16.51
3366,785.65,16.99,19.97
3367,501.21,13.02,12.57
3368,489.7,8.89,8.76
3369,678.15,15.36,15.63
3370,503.47,14.23,14.32
3371,792.64,18.02,19.69
3372,643.52,14.31,16.82
3373,502.02,13.85,14.6
3374,495.61,9.76,8.67
3375,834.51,20.36,25.58
3376,792.93,18,19.85
3377,515.07,14.64,15.44
3378,788.68,15.77,17.4
3379,811.88,20.67,21.97
3380,498.05,11.12,9.84
3381,640.81,14.27,17.08
3382,797.97,19.25,19.97
3383,796.5,18.4,18.94
3384,797.28,18.31,19.53
3385,651.39,15.71,17.15
3386,504.95,12.64,11.78
3387,794.78,20.01,18.61
3388,650.13,15.12,17.24
3389,500.2,12.75,11.62
3390,796.79,17.7,19.57
3391,816.57,19.25,21.54
3392,802.01,20.12,22.85
3393,522.26,15.81,16.08
3394,826.63,21.59,20.82
3395,502.15,12.67,12.62
3396,657.61,15.49,14.93
3397,660.13,14.36,12.73
3398,797.47,16.36,16.89
3399,803.48,17.94,17.64
3400,651.7,14.18,13.19
3401,795.31,17.76,21.93
3402,493.01,11.81,13.35
3403,816.73,20.08,22.87
3404,674.36,17.28,17.69
3405,792.9,17.27,17.83
3406,497.95,12.68,12.13
3407,497.51,12.83,11.53
3408,655.7,16.92,19.49
3409,492.14,12.28,11.14
3410,512.62,13.05,12.26
3411,503.06,12.42,11.45
3412,639.98,13.29,11.02
3413,787.76,16.28,16.51
3414,651.17,16.94,17.36
3415,656.31,16.23,18.09
3416,638.13,14,15.34
3417,794.63,18.54,20.23
3418,640.31,15.07,16.8
3419,648.45,15.3,15.45
3420,494.2,11.83,11.66
3421,793.4,17.56,18.8
3422,657.83,17.17,15.82
3423,506.58,13.56,14.25
3424,650.88,14.12,12.94
3425,811.18,19.51,21.2
3426,652.1,14.51,15.63
3427,784.59,17.28,19.7
3428,809.79,17.58,18.39
3429,658.43,14.93,17.27
3430,633.13,10.63,11.3
3431,506.62,12.77,11.55
3432,493.52,11.45,10.17
3433,666.62,17.58,21.61
3434,488.96,10.66,11.24
3435,808.32,19.27,19.52
3436,637.53,12.79,17.14
3437,818.06,19.16,19.42
3438,505.12,13.47,13.41
3439,500.23,9.42,7.75
3440,795.95,18.6,21.4
3441,822.77,20.14,19.47
3442,647.27,15.44,16.33
3443,782.66,16.73,13.71
3444,646.48,12.15,12.87
3445,483.17,12.38,12.13
3446,654.92,15.51,16.88
3447,791.75,18.52,18.88
3448,500.7,13,14.37
3449,490.86,11.27,12.21
3450,778.26,16.67,16.35
3451,506.39,11.48,10.79
3452,654,17.55,20.42
3453,800.14,16.94,17.95
3454,644.62,15.16,17.52
3455,785.81,17.01,19.26
3456,795.8,16.05,14.92
3457,657.15,16.76,17.7
3458,632.02,14.93,15.04
3459,819.55,19.11,17.64
3460,654.08,15.12,16.14
3461,645.72,15.02,15.54
3462,636.02,13.83,15.55
3463,798.25,16.51,19.24
3464,642.22,15.98,16.52
3465,814.15,19.53,18.43
3466,789.22,18.34,18.44
3467,647.18,12.64,15.42
3468,813.96,17.48,18.96
3469,517.04,16.46,16.04
3470,794.54,16.87,18.87
3471,806.3,18.22,17.79
3472,795.28,18.52,19.7
3473,808.44,19.2,21.34
3474,647.81,15.95,16.39
3475,506.65,13.12,13.43
3476,677.05,17.55,17.23
3477,667.32,15.19,15.43
3478,501.2,13.5,14.76
3479,813.99,18.75,21.2
3480,802.54,17.51,20.17
3481,780.35,16.3,15.9
3482,775.56,16.46,19.38
3483,641.07,11.58,13.36
3484,496.57,13.18,11.89
3485,516.61,14.6,13.61
3486,664.23,18.03,17.93
3487,511.39,14.47,14.1
3488,807.24,16.87,19.27
3489,650.56,13.02,13.89
3490,669.33,16.05,14.83
3491,770.06,17.65,19.32
3492,503.12,12.82,12.01
3493,517.02,14.14,13.46
3494,805.83,16.67,14.8
3495,641.81,14.26,17.1
3496,653.05,14.09,14.11
3497,666.88,16.67,17.57
3498,508.55,11.89,13.2
3499,810.21,20.38,20.17
3500,497.03,13.22,12.48
3501,802.25,19.53,20.75
3502,815.23,19.76,21.54
3503,790.73,18.09,15.87
3504,785.1,19.08,19.72
3505,645.28,13.82,15.32
3506,645.71,15.52,14.93
3507,783.34,17.53,20.04
3508,481.48,12.25,13.37
3509,512.93,13.39,13.13
3510,640.21,12.59,12.96
3511,781.38,16.64,19.11
3512,663.36,15.82,17.44
3513,513.71,11.7,11.75
3514,518.24,13.88,13.05
3515,788.4,15.73,15.19
3516,777.78,16.22,16.66
3517,518.52,13.55,14.08
3518,820.08,20.47,22.03
3519,642.28,14.33,13.93
3520,814.05,18.31,19.22
3521,799.37,16.72,17.6
3522,630.84,14.66,13.63
3523,503.23,13.52,13.24
3524,812.66,18.52,16.31
3525,513.67,14.18,14.35
3526,794.43,18.23,20.55
3527,484.46,9.68,9.34
3528,792.77,18.64,21
3529,484.81,9.82,8.03
3530,797.19,18.77,22.13
3531,808.07,18.5,20.04
3532,651.76,14.56,15.08
3533,787.54,18.59,18.98
3534,656.07,14.93,16.36
3535,645.13,15.47,16.41
3536,653.33,17.92,21.71
3537,647.44,14.6,15.09
3538,800.65,17.16,20.36
3539,492.14,12.57,15.01
3540,806.87,16.46,14.12
3541,817.39,18.39,21.56
3542,514.8,14.34,15.94
3543,774.02,15.16,21.44
3544,645.94,15.72,15.55
3545,803.47,20.13,23.19
3546,810.77,19.24,20.58
3547,646.31,13.68,14.16
3548,804.85,19.91,19.78
3549,653.07,16.01,19.2
3550,509.19,14.03,13.99
3551,493.62,11.49,10.08
3552,491.31,11.58,11.46
3553,800.21,18.14,18.77
3554,641.95,14.73,16.24
3555,808.55,19.52,20.75
3556,665.02,17.37,18.54
3557,653.36,14.6,13.85
3558,496.65,9.8,8.73
3559,802.4,18.31,20.44
3560,634.16,13.41,13.99
3561,806.66,18.07,18.16
3562,503.55,10.49,10.55
3563,648.66,13.2,16.01
3564,653.28,13.12,16.17
3565,809.03,17.93,19.89
3566,814.08,18.18,22.18
3567,785.47,16.5,16.24
3568,646.82,13.76,15.6
3569,779.89,15.74,14.29
3570,813.83,19.37,20.75
3571,792.2,16.27,15
3572,497.44,11.69,11.02
3573,818.53,18.67,17.71
3574,802.96,18.82,18.58
3575,646.69,14.87,16.87
3576,651.68,16.25,16.8
3577,793.51,17.83,16.05
3578,500,10.89,10.42
3579,638.27,13.78,14.79
3580,500.76,11.78,11.8
3581,791.63,15.52,15.23
3582,482.19,9.46,11.17
3583,809.75,18.11,19.63
3584,494.04,10.7,9.35
3585,644.77,15.7,16.99
3586,650.53,14.46,15.13
3587,831.74,19.11,19.25
3588,797.85,17.79,18.45
3589,644.84,14.58,15.82
3590,668.74,16.42,15.36
3591,799.84,19.68,21.3
3592,499.83,14.41,13.54
3593,664.81,16.17,18.23
3594,514.36,15.78,15.64
3595,803.04,17.4,21.1
3596,802.59,19.68,19.09
3597,657.82,19.03,19.3
3598,659.65,15.26,15.7
3599,801.39,19.19,22.37
3600,808.78,17.75,18.65
3601,788.42,18.65,22.25
3602,637.39,13.31,13.83
3603,492.61,10.66,9.57
3604,641.87,14.13,15.77
3605,491.1,11.31,12.23
3606,817.89,20.13,20.08
3607,774.13,17.46,15.74
3608,799.11,19.39,21.07
3609,493.82,10.76,11.75
3610,649.33,13.96,15.58
3611,790.24,17.96,19.39
3612,650.73,15.9,18.16
3613,657.13,16,15.55
3614,644.58,14.3,14.84
3615,483.88,10.7,11.56
3616,520.72,15.02,16.29
3617,660.11,16.6,19.14
3618,633.95,12.5,11.93
3619,495.41,12.95,12.13
3620,674.14,16.96,18.18
3621,790.55,18.85,19.78
3622,782.56,17.33,17.78
3623,781.33,16.22,18.43
3624,798.32,18.55,19.95
3625,659.41,16.03,16.74
3626,813.93,19.13,22.16
3627,813.97,19.39,21.95
3628,784.64,17.49,20.13
3629,807.54,18.64,21.29
3630,499.04,10.89,9.98
3631,508.4,12.67,11.42
3632,488.65,9.6,9.51
3633,499.66,12.22,12.03
3634,505.48,12.11,12.48
3635,801.89,15.61,17.21
3636,809.4,18.55,18.2
3637,659.8,14.98,18.05
3638,628.88,15.37,14.76
3639,505.72,12.92,11.64
3640,651.94,14.18,15.01
3641,803.2,15.46,15.04
3642,807.88,18.28,22.09
3643,798.85,18,19.71
3644,503.45,13.26,12.67
3645,794.66,19.37,20.31
3646,671.05,17.03,18.08
3647,790.86,16.07,15.99
3648,657.79,14.1,15.54
3649,677.07,17.44,19.73
3650,793.49,16.15,18.91
3651,646.02,16.13,16.76
3652,503.96,10.52,11.56
3653,497.12,11.76,12.81
3654,799.96,16.12,16.24
3655,507.71,12.21,12.72
3656,668.73,15.41,15.94
3657,653.17,15.77,17.09
3658,494.99,11.47,10.62
3659,516.63,13.91,15.85
3660,793.1,20.29,20.74
3661,779.08,15.61,14.76
3662,643.37,14.77,14.93
3663,799.48,18.89,22.05
3664,506.89,12.72,13.28
3665,489.01,10.35,10.28
3666,808.21,18.22,18.96
3667,497.42,10.57,9.93
3668,790.6,14.59,15.14
3669,645.91,15.98,13.9
3670,821,20.44,25.72
3671,496.44,10.88,10.55
3672,805.95,19.24,18.75
3673,519.43,13.81,13.62
3674,653.55,15.44,15.61
3675,658.57,16.67,16.94
3676,494.27,11.12,11.78
3677,798.08,17.79,17.03
3678,813.92,19.57,21.64
3679,645.01,15.03,16.53
3680,807.77,19.33,20.52
3681,804.93,17.41,18.18
3682,502.74,11.26,10.71
3683,826.01,18.97,21.34
3684,779.05,16.72,19.61
3685,809.57,18.97,22.33
3686,652.4,14.39,17.49
3687,790.8,17.08,17.14
3688,787.77,16.89,21.84
3689,506.92,12.87,12.52
3690,807.29,19.84,21.11
3691,810.62,17.08,15.77
3692,801.49,20.05,23.16
3693,509.72,13.22,13.79
3694,498.01,11.6,12.5
3695,788.26,17.1,20.88
3696,646.16,13.46,17.43
3697,642.79,13.57,16.45
3698,647.89,16.18,19.14
3699,664.48,16.98,16.76
3700,647.57,15.37,14.63
3701,473.47,9.84,9.57
3702,643.84,14.69,17.41
3703,806.26,17.16,17.65
3704,803.87,18.66,20.38
3705,814.83,19.93,21.06
3706,791.28,18.16,19.38
3707,831.86,20.26,20.38
3708,802.8,15.82,17.27
3709,650.74,15.7,16.78
3710,646.79,12.46,11.26
3711,801.26,16.38,18.25
3712,652.17,15.92,16.53
3713,495.69,12.25,12.92
3714,491.2,9.82,8.53
3715,804.01,19.29,21.49
3716,669,16.75,17.86
3717,804.11,18.32,20.13
3718,503.57,12.6,12.87
3719,806.22,17.71,18.99
3720,658.76,14.08,10.94
3721,493.76,12.16,12.09
3722,640.89,14.22,11.57
3723,518.54,13.61,15.22
3724,765.85,15.43,16.46
3725,779.97,16.05,16.14
3726,820.05,19.62,20.92
3727,814.38,19.19,21.12
3728,664.7,17.68,18.15
3729,505.44,13.4,14.79
3730,649.49,15.53,15.7
3731,494.92,13.64,15.12
3732,513.59,13.06,13.08
3733,809.27,19.97,20.75
3734,827.61,17.65,18.98
3735,475.86,10.78,10.5
3736,644.26,15.38,16.6
3737,804.03,17.82,20.3
3738,630.53,13.76,14.1
3739,652.09,17.09,20.46
3740,656.18,14.38,13.63
3741,639.25,15.15,14.96
3742,511.4,12.51,12.87
3743,653.45,15.35,18.06
3744,802.17,18.01,20.55
3745,771.5,15.33,15.24
3746,648.43,16.22,18.36
3747,789.56,17.68,20.75
3748,790.14,16.12,17.66
3749,643.02,13.55,13.93
3750,500.82,12.57,13.26
